ID,Nome,Email
cdb05899-09ac-4122-ac78-60855ea1e037,Ana,ana69@yahoo.com
529f6870-d35e-4ad3-92be-fd7fa898aa7d,Gustavo,gustavo27@gmail.com
7f1a2606-9823-47ae-84f4-566e15edcaec,Carlos,carlos33@outlook.com
cad09516-868d-40ca-98e2-8f8bd53f8c13,Carlos,carlos82@gmail.com
93c59763-e345-43ad-bec2-3d93c9b19beb,Juliana,juliana2@hotmail.com
fcce24af-8fb1-461e-ae2c-5aaafdfff5a5,Roberto,roberto100@yahoo.com
4386f53f-2dcd-4ad8-9f5d-e97bfb7ad13a,Ana,ana74@gmail.com
5cdecf50-b9d4-4b35-a06e-c866edd50af4,Lucas,lucas44@hotmail.com
f5adde98-bbd6-4040-8e39-922de0e542ea,Carlos,carlos9@yahoo.com
20ad9a71-4f47-4212-802f-7d48a367a72a,Juliana,juliana34@yahoo.com
10126bc5-3f9e-4ab8-aff8-e08f4ce008ec,Ana,ana55@outlook.com
794934b2-36fd-4ce1-8649-adee3fea0697,Roberto,roberto46@yahoo.com
8ccad28b-e18a-4c6a-970e-96ae53eb2e88,Lucas,lucas70@hotmail.com
5cba3f1d-1d75-475f-ac9a-a8c544e94bc0,Lucas,lucas88@gmail.com
dc5039db-fb16-413d-9567-8873f90cf26d,João,joão89@gmail.com
d2215e13-572f-422c-aec1-56af7c74efdb,Fernanda,fernanda99@gmail.com
762e57a4-fb8d-47ab-8f2a-f183874119b8,João,joão6@hotmail.com
40b74bf3-1546-48f3-8326-c099c5d4455f,Maria,maria77@outlook.com
a47b4b7d-fa08-4547-bb90-e5c31c5b76e2,Paula,paula60@yahoo.com
7ebee332-09a0-42f7-be1b-3f796d043f83,Fernanda,fernanda92@hotmail.com
a1276828-6916-4719-85bb-cc3ea3e4db21,Juliana,juliana56@hotmail.com
29b482f8-7d26-423b-810a-c53c0a3a05e7,Carlos,carlos68@gmail.com
be4f74ce-f849-4445-9c7f-eee992a383d1,Roberto,roberto56@outlook.com
14bf9e72-0803-4de5-a6a9-178bd36a72c8,Gustavo,gustavo67@outlook.com
9f743d75-c110-428c-9f14-9f09ffefeffa,Roberto,roberto52@gmail.com
f0943785-7977-4e50-8de0-74ba8582de80,Fernanda,fernanda22@hotmail.com
e66163e4-fca5-49a0-a2ca-94295a6b1ca0,Maria,maria94@yahoo.com
b6efb2c8-3e1b-40c4-9906-b18280ddd7f3,Lucas,lucas73@yahoo.com
4fe1bb68-b9a2-4f29-81cc-f1aae0df8e47,Fernanda,fernanda14@outlook.com
efd7e134-b614-4061-bad9-9de49a8350e6,Juliana,juliana68@yahoo.com
5b8065f5-90e7-458a-a318-b50d55373074,Maria,maria85@yahoo.com
64b96671-37dd-494b-868b-ceb3a92db23f,Gustavo,gustavo70@yahoo.com
9ef8ca57-d5f6-4222-8d55-98b0890e14fa,Maria,maria5@hotmail.com
7eeb9078-7c67-4611-b619-78cad0a4683f,Carlos,carlos51@yahoo.com
74c75538-a9fd-473d-9fde-eedcbd52730e,Juliana,juliana79@gmail.com
32da48db-3697-432a-b775-a1aa3b75584a,Maria,maria99@gmail.com
fef93a22-ec6a-463c-9ef8-d6d331f028f2,Gustavo,gustavo79@gmail.com
f0fec6f5-4467-4fcc-b64e-c47247afdecc,João,joão29@yahoo.com
163a58ab-1454-46d5-9060-462732b59f4b,Roberto,roberto18@outlook.com
da7dd9ad-3ec5-43ae-8238-f6f50a9ec4a9,Roberto,roberto1@yahoo.com
41371819-3a84-4de9-91e9-49c1a38d7a11,João,joão38@gmail.com
2dc7a439-48f7-4817-9758-b881c076b2bc,Lucas,lucas28@outlook.com
ba387e39-ab3b-4722-9135-086974bad499,Paula,paula95@outlook.com
8fbead6e-94b3-44f9-8837-72541e8d861c,Gustavo,gustavo44@gmail.com
f4ba768f-bcbb-426f-abc1-4e756ba95e24,Fernanda,fernanda55@yahoo.com
888ee605-d933-4c00-8c3e-7a3c7cdc2ac6,Ana,ana3@yahoo.com
729be47e-c1bf-4f0e-b765-dbc203e5dbee,Ana,ana100@hotmail.com
061e4b6c-107d-47b6-887c-2b2a966f227e,Paula,paula3@gmail.com
bd3f8ced-be8f-4376-b1b2-63d58a8f4875,Ana,ana1@gmail.com
40b7925e-96f8-4aaf-9fd6-47e6ef818298,Paula,paula36@hotmail.com
fc241242-d8b6-4764-8e9c-fa4007e9630b,Maria,maria69@yahoo.com
2bb90aba-0062-4e43-9fd1-6b88789c5308,João,joão99@outlook.com
84f87ca7-9ee1-468c-bfe7-258990dbc511,Lucas,lucas83@yahoo.com
99d0d8d0-96de-4d79-83bd-93224be56b65,Roberto,roberto4@hotmail.com
7620c1a0-c998-4cb1-b64f-3890fb6edf73,João,joão33@outlook.com
750df12d-aeed-4504-84d1-b2c5462e683d,Roberto,roberto31@yahoo.com
e7ddc361-dbcb-4313-964c-a58c52dc1635,Fernanda,fernanda77@gmail.com
269eb23e-6e16-4fcc-8167-cb844ff351c0,Juliana,juliana30@yahoo.com
d900808e-6030-4541-a90a-bac66869ee2c,Ana,ana92@hotmail.com
c6777117-3832-4589-b10b-9d9ea4771b28,Lucas,lucas63@gmail.com
02fe3721-af38-4db9-a26a-140e19655a2b,Juliana,juliana9@gmail.com
15791420-29bc-4b2c-9e3d-190a02672547,Paula,paula57@hotmail.com
71dbb867-7a18-4fe4-860e-2bf5592759c4,Fernanda,fernanda21@hotmail.com
d366dbc0-ba29-4e75-91c4-dba195ea9f6a,Juliana,juliana44@yahoo.com
d1110b25-a6df-41a8-87b8-5d05f4d1f38b,Carlos,carlos73@gmail.com
77d0bc7d-1408-45aa-a895-f98e9f4f5899,Roberto,roberto35@hotmail.com
f5d5e98c-195f-400c-b6dd-aafba356f53d,Juliana,juliana66@outlook.com
1fb58732-ac77-425c-a845-efda78bb07f2,Gustavo,gustavo24@yahoo.com
3dc82260-c6aa-41e4-b71a-22e98057a53d,Maria,maria74@hotmail.com
8290c469-1fa6-42d9-a718-3327ff943860,Fernanda,fernanda87@yahoo.com
e6e34f55-8a19-4120-81ee-347249e9ff35,Juliana,juliana49@hotmail.com
cad53b77-a2b3-429c-878a-8d9bbb14e39c,Gustavo,gustavo25@hotmail.com
6d59b1f1-bff9-49b9-a302-d093973d2297,Ana,ana41@gmail.com
90b8404e-d3ac-4571-b663-2b0d3974e0d6,Carlos,carlos57@yahoo.com
8c26af19-574a-4fbe-ac0d-19f357e17f76,Juliana,juliana23@yahoo.com
4563c8d3-8fac-4b60-b3c0-ed06e1be277a,Gustavo,gustavo47@outlook.com
59bf9a88-b4e6-4998-b78f-c388d09af98a,Carlos,carlos5@gmail.com
62173ea9-2d39-41ae-8297-c53f249d2471,Ana,ana95@outlook.com
01b081b0-e231-4696-acb4-dfe7a5f4ef5b,Roberto,roberto50@gmail.com
329ee08f-3751-446f-b610-5a19aaf0977a,Fernanda,fernanda65@gmail.com
eda413a7-7f7e-492a-8c14-483761e0ce08,Carlos,carlos43@gmail.com
53011af4-58f6-49bb-8310-b86e127c6dbf,Fernanda,fernanda31@hotmail.com
4b397e54-d5a7-4591-9476-ce12f664a97d,Paula,paula66@yahoo.com
ed2e4eed-c1f8-4eb3-af84-405d8b784352,João,joão96@yahoo.com
35649b96-7282-4cf7-b0c3-67bc00d7dd04,Ana,ana26@gmail.com
b6b5b8df-dbbb-4bb5-9567-fcc82db345b4,Gustavo,gustavo63@gmail.com
5057edec-2dbe-489b-a162-5a9ee80241cc,Maria,maria47@hotmail.com
9c53cc62-f305-43d7-bfc3-ac0fe3045f42,Juliana,juliana24@outlook.com
77035417-ce1c-46ea-b1d3-6389a288f547,Juliana,juliana36@gmail.com
b3c65b96-a36a-4b3b-96a0-74e6982d2290,João,joão40@gmail.com
541d4586-3333-4b82-84dc-96b2cf471795,Ana,ana76@yahoo.com
51b29ab9-8004-4d10-9453-18929ae0309b,Roberto,roberto18@gmail.com
454e381f-57f5-459c-a3f9-7dc63c0abd69,João,joão25@gmail.com
5b46208b-16c8-4359-b0d8-04c0be60ccec,Ana,ana75@hotmail.com
96dce114-4567-4697-9230-7c5e20167165,Carlos,carlos43@hotmail.com
bed53360-ac57-48e2-8bcb-2ebee261bf8e,Fernanda,fernanda27@yahoo.com
83aacf64-0bbb-4bcf-96f2-8b6bc400ef20,Lucas,lucas68@hotmail.com
f842dab8-bc5c-4669-977b-8dfe34a1a1a2,Lucas,lucas89@gmail.com
b7438716-b456-4797-8850-a90e7660fc3f,Ana,ana53@outlook.com
25b4f3fd-360a-4e7c-8497-ba51d94e2b9f,João,joão66@hotmail.com
b7f445fc-0513-4c18-afab-8f65d2ca4cb7,Fernanda,fernanda89@outlook.com
6dbb3441-b016-485e-9212-91381074ff50,Ana,ana65@hotmail.com
a3f67d77-e3f7-43eb-a736-04b82158a691,Roberto,roberto63@yahoo.com
f5a4c896-033c-42fd-9590-a2ef787bda30,Lucas,lucas43@outlook.com
c914fc0e-68a7-4788-839d-50e2140c298e,Paula,paula1@yahoo.com
73537986-de8f-4e11-9f19-318d6f70319c,Paula,paula98@outlook.com
3e08f997-71a0-4be0-9df4-e6beec5d75f7,Roberto,roberto41@hotmail.com
202090be-243e-42da-96d0-3af3272c4373,João,joão10@outlook.com
f838c067-ca00-4464-9220-a936eea37908,Ana,ana37@hotmail.com
3734ae07-dcc1-4343-9b1b-123304187e93,Ana,ana12@gmail.com
aadaf311-b58c-4880-aadc-c1878d952d09,Lucas,lucas4@yahoo.com
4f15e0d2-7849-4ddf-8c5d-d2b7dea255b1,Ana,ana98@hotmail.com
e4231038-ff9d-44e2-b663-e341fb6ce19b,Fernanda,fernanda89@yahoo.com
e49b66a1-de73-4737-a791-d3a44b8eb024,Fernanda,fernanda85@gmail.com
589eedb2-ccb5-41d3-adf8-8277e030b21a,Carlos,carlos13@yahoo.com
ee5a1b0a-7ad3-4d45-ac3d-e009f8d4ce42,Lucas,lucas59@hotmail.com
596b1ad6-7f14-47b6-80d0-410d2c5897dc,Gustavo,gustavo41@hotmail.com
108476fa-55df-4772-bd47-33ed9e50daa7,Juliana,juliana30@hotmail.com
d3cca14a-244c-412b-9129-b4a415f8f757,Ana,ana43@gmail.com
93e3a812-cc3b-4df1-8045-ea8c1db433d0,Fernanda,fernanda68@outlook.com
54edfacf-f656-464c-bd2c-1f2a8f951d1d,Roberto,roberto27@yahoo.com
f5f51b31-3601-431c-a024-7e3a40a4bbe1,Lucas,lucas43@outlook.com
287296a6-019c-4c95-ab62-9f93f6fd2f22,Roberto,roberto68@outlook.com
194a43f0-f4ba-4f6b-9ffe-36e007b81a37,Paula,paula78@hotmail.com
4d20cbea-165d-48cb-bdf2-ca3964d66ec6,Lucas,lucas10@yahoo.com
03b4b7b7-a57d-46f2-bb2a-edf2c5f9cab5,Juliana,juliana25@hotmail.com
66ada573-92db-4fa3-9224-3e95f2f3d862,Roberto,roberto93@hotmail.com
39f52d92-73fe-4152-8a77-35240851279a,Juliana,juliana59@gmail.com
be5de8a1-e22f-4f0d-ae08-bf0df7b1179e,Roberto,roberto90@gmail.com
127b9e06-5f5b-4a74-b98f-9e0b4c73d842,Lucas,lucas81@yahoo.com
1dc63843-437c-46eb-a7dd-b5be06a817dc,Paula,paula19@hotmail.com
f2c2d1af-cef2-4262-908e-88d755e75276,Fernanda,fernanda28@hotmail.com
6f768053-0314-4f5f-8217-765324b759da,Lucas,lucas4@gmail.com
6460edc1-5f7c-46f4-ba45-10a8c2f00996,Paula,paula18@outlook.com
c85cdcfe-80ff-484d-ac06-8cd8e0a0f9e2,Gustavo,gustavo19@hotmail.com
d40c5cee-86c9-43f8-8497-eeb9b06aee50,Maria,maria76@gmail.com
0b5514a4-ac9b-4130-872f-9bfd6fe3a966,João,joão80@outlook.com
935cccf8-fe13-4063-b212-d68c463157a3,Carlos,carlos31@yahoo.com
a5aafcac-2848-4104-a477-050f511f2401,Juliana,juliana36@hotmail.com
61764f78-6d59-46b2-981c-643ec31a0c87,Maria,maria36@hotmail.com
361998a3-2bba-4c38-b46b-71ab4b98abaf,Paula,paula60@outlook.com
9427c16c-636b-4242-85da-8abc8c0de45c,Carlos,carlos83@yahoo.com
4705090b-2a8f-4152-af26-7dcf6b997062,Lucas,lucas30@gmail.com
dd63cf1a-b16a-46aa-bdce-2d9a86173a10,Gustavo,gustavo32@hotmail.com
2754cfe8-a5c3-4e61-bee3-e249ac703822,Juliana,juliana27@yahoo.com
21a5eda7-6e9b-4be7-b966-5498d96e77b4,Roberto,roberto76@gmail.com
3cf306cb-79c8-4288-a86e-53b6096ee3b8,Roberto,roberto23@gmail.com
f0b7f826-ed3f-4c15-b05e-98b69117a681,Ana,ana89@gmail.com
ea2b897e-61a1-4ec9-9e41-42d368959993,João,joão74@outlook.com
cbacb945-b0fc-4aed-b4d7-a45d4cc6c888,João,joão26@gmail.com
70bc158d-f5a7-4ee9-93f5-fefb729f7dea,Ana,ana15@yahoo.com
42ef19a5-041a-4b73-bb00-d54ea04b971f,Juliana,juliana33@gmail.com
abf8433c-599e-4182-b6d3-a2f5db8bb556,Carlos,carlos91@gmail.com
0b87c456-bd18-42f3-92a9-a9555247ed3d,Lucas,lucas27@hotmail.com
c4f0ca25-1fc7-4fa4-9442-e9743e041a39,Gustavo,gustavo56@outlook.com
8e89cb7e-c0bd-490e-8bb0-bc5053064c91,Maria,maria37@hotmail.com
2bb4d839-5f87-4528-989b-305ec8704cdd,Fernanda,fernanda7@yahoo.com
95d03f3c-1a99-48ec-8616-45e46e5df1ae,Carlos,carlos50@hotmail.com
908f4c14-d31d-4852-bd9d-aaa10f311c03,Juliana,juliana13@hotmail.com
bbdb18f2-a582-4bbb-b040-9b701e6d2e50,Roberto,roberto87@outlook.com
47777ab6-ddef-4739-abdd-f355ab2590a3,Juliana,juliana90@hotmail.com
6d89bdea-6989-440c-8702-fca8568a9cec,João,joão17@outlook.com
1e756b19-a29b-4740-984d-e25491535989,Lucas,lucas72@gmail.com
2f9150ff-c18f-4fd6-a107-de62f98803e8,Fernanda,fernanda53@outlook.com
60b0ecf3-0e61-48f9-82ae-d24d54aa342c,Lucas,lucas36@hotmail.com
e0631416-9af7-427c-9c6b-26ca2d7f793d,Roberto,roberto63@hotmail.com
bc6c0633-7857-4778-801a-11ee9d4d9cfc,Maria,maria35@yahoo.com
a0d7b386-e428-44d8-ae89-23cea1f12171,Roberto,roberto34@yahoo.com
fa79bd5b-5a81-46a0-b2f6-8ab245d36202,João,joão82@hotmail.com
14045752-bcf5-432a-9440-f08a3afb252e,Juliana,juliana94@outlook.com
2b3f9c9c-09dd-4cfb-9f55-77a10b242669,Lucas,lucas51@outlook.com
faa31135-92cd-4b1c-96c2-cb92c8f6a3e5,Ana,ana62@outlook.com
81f464dd-7a29-4395-8e20-03c86db79fea,Carlos,carlos12@hotmail.com
05c66a2a-3452-46e2-96e3-19ec3aa70e1f,Maria,maria65@gmail.com
0ae8f019-b70a-401b-bc31-89d746145b83,Gustavo,gustavo97@hotmail.com
7acca609-9894-48bd-b180-a6eda75a0a46,Gustavo,gustavo41@outlook.com
0cbe3319-0d07-4cae-a190-04d6f6ed3a7a,Fernanda,fernanda8@gmail.com
8b39d5e9-53ef-45d3-8b50-bb4abc54c503,Carlos,carlos28@gmail.com
db0e0d9e-f1a9-43c8-b9b2-79ec532d2757,Gustavo,gustavo58@outlook.com
7bdd8b68-72f3-47c7-b118-a56fb0dde1d7,Carlos,carlos9@outlook.com
8de5d2b6-d912-451e-a793-f1f77d224a41,Fernanda,fernanda65@hotmail.com
dcaf3fb0-6ec8-479f-967b-4b3899cb7534,Fernanda,fernanda93@gmail.com
27a508e5-3732-47e1-8fbe-b41ec8998d76,Maria,maria20@hotmail.com
8e531f5e-a4de-4381-bb00-2e6c58fd85c1,Carlos,carlos33@outlook.com
3a384af6-f011-48c0-934c-37e8284e48a7,Paula,paula90@gmail.com
2068e03c-5191-49d3-a341-c914f8d9af95,Juliana,juliana10@yahoo.com
5dfcef91-31ff-4c8d-a5fd-aeb31cbdb2cf,Maria,maria68@gmail.com
ccdc3583-6ca1-4c12-bcf1-d668adb3b36a,Juliana,juliana42@outlook.com
f28c6721-2c5a-43c5-afb3-bb634ff37f96,Maria,maria92@outlook.com
5c363e8f-a21d-4868-adf3-e1513ae3f378,Lucas,lucas72@gmail.com
d273608d-0d44-40ef-9d9a-2cd990d4f72a,Carlos,carlos100@gmail.com
f2a6c7d5-3a69-4570-9d51-9000af9e2847,Gustavo,gustavo19@hotmail.com
8f09c7ca-8981-496c-8998-0c7acb4cd13f,João,joão85@hotmail.com
b81e3f7f-8190-44b0-a533-b0b83b671a34,João,joão17@gmail.com
1cd7f37c-2fcb-4e52-9a37-02f2e15d119b,Roberto,roberto8@hotmail.com
c4e43751-be57-47e2-acea-cdd1bf61fa13,Juliana,juliana73@gmail.com
45cd9f2d-f718-43c2-a878-85fdbb25d360,Paula,paula74@yahoo.com
8e15670e-86f5-4a9b-81c1-a517612f8c3d,Lucas,lucas21@hotmail.com
3599182f-be33-45ae-b2ec-97668c29c2a4,João,joão22@gmail.com
55139964-fe9d-434f-9e35-a66fd6fc2fc8,Paula,paula54@gmail.com
1580c561-26e7-403d-b521-d9cea4a8919d,Ana,ana95@gmail.com
743e73a5-a9fe-4e11-936d-5f50613e3890,Roberto,roberto73@outlook.com
6d094393-11ba-473f-b4f6-4577be59e67a,Maria,maria1@yahoo.com
71f48fd2-3b37-4104-8554-c00c96dc3115,Roberto,roberto89@hotmail.com
5fe03fcb-6a2e-4f7a-9a9e-0ff918831ee7,Maria,maria65@hotmail.com
285045ef-d2db-4e91-8d08-0abc575380c0,Maria,maria91@yahoo.com
1f03d4bc-fa77-402a-8756-bbd4989f3200,Maria,maria44@yahoo.com
9fb9bdf8-97ae-48d9-80b1-8357bb0b6e33,Roberto,roberto3@yahoo.com
4d7c8893-2aa1-49c4-8e0e-09ffe4795d39,Ana,ana39@yahoo.com
24576dd1-95c5-46ed-85f5-60b07b55c01b,Maria,maria37@outlook.com
1e2d8c5c-cbb2-4e7e-8de2-7c9884caed1e,Lucas,lucas27@hotmail.com
a2ac52c3-7aeb-4655-ab4d-62f7e6070015,Ana,ana17@outlook.com
3f69cecd-3088-4434-b599-9abadaffd3dc,Paula,paula99@outlook.com
b3158809-ce8d-48bb-836e-ed43b24f2fb5,Paula,paula19@gmail.com
029d2d59-92fa-4099-b99d-18f640f0881b,Gustavo,gustavo28@gmail.com
67344456-05cf-4ceb-9803-c5308dbb139a,Maria,maria13@yahoo.com
c816fa9e-8bdf-4076-a050-75eec6cde01b,Juliana,juliana99@yahoo.com
2b3ccfd4-35d5-4b71-af8e-6858cba4fcc9,Juliana,juliana31@gmail.com
78076f88-da3f-4829-a4e4-9a8d090b41a6,Gustavo,gustavo68@outlook.com
ba7e67b9-f183-423d-9492-385dbcbd79eb,Gustavo,gustavo82@gmail.com
ec95630a-00a1-46f4-b7c8-c0fd404c5141,Carlos,carlos74@yahoo.com
3703e92b-ab2d-4cde-a31f-2b1fa74a3c55,Maria,maria67@yahoo.com
e0db6545-6634-425a-87e4-5c85c53ccb80,Roberto,roberto74@hotmail.com
1c14d0d2-5f58-4697-b027-26376ff099eb,Maria,maria40@hotmail.com
b199b1a0-4cd7-4bfa-9ea9-6d964d94fcad,Juliana,juliana26@hotmail.com
4a378208-c853-47df-a570-96e46d86bf76,Gustavo,gustavo28@outlook.com
449ae181-e67c-40fa-a062-7ab7193af2cf,Lucas,lucas40@hotmail.com
dec6db1c-dfd9-4cee-9c86-d202fc237fad,Gustavo,gustavo75@gmail.com
286dc3ee-526e-48eb-9e40-8060c5f5572e,Juliana,juliana45@yahoo.com
4b72c259-c491-4216-9bb8-a0b150771e6e,Fernanda,fernanda89@outlook.com
2ac898c8-8793-4f3a-a19a-dbfc678a14e8,Maria,maria93@hotmail.com
cca5e07a-a80f-413c-9400-27d0035f4cf1,Fernanda,fernanda79@hotmail.com
3136399d-1700-40a4-88bb-9e0d83d4b184,Paula,paula89@hotmail.com
271b94ee-dedb-42bf-b9b9-e6b26ca150c2,Roberto,roberto54@yahoo.com
84c2f65c-bdbf-4e83-b01a-3d3ef424362f,Maria,maria37@yahoo.com
72a08d71-1b1c-4587-b708-8496ed39af26,Ana,ana81@outlook.com
ad91f2a8-12a2-45aa-b37f-14ce2361cc27,Carlos,carlos26@hotmail.com
7a8e1d99-f503-4a16-ace2-c3d04c2f6d50,Juliana,juliana94@outlook.com
75a3305e-6f70-41dd-b399-55ad07ec0523,Maria,maria87@outlook.com
3f95f4fd-c7f8-4183-95e1-e844b514cc1d,Lucas,lucas11@outlook.com
7525a27e-808e-4570-a7bc-4f92ebf7dd32,Carlos,carlos21@hotmail.com
e396be70-530c-4bb5-81f3-878909b465e3,Carlos,carlos85@hotmail.com
09acbec8-45cc-46ef-b713-92a670ffccb5,Juliana,juliana41@yahoo.com
f713a1e4-1770-4dbe-808e-c4a3be0f2cee,Juliana,juliana90@gmail.com
1f22f988-e73d-47d1-b15d-7777a74a5233,Fernanda,fernanda67@yahoo.com
af00d82c-8bd6-4625-9ef4-2e48c1560674,Paula,paula10@outlook.com
3f7ae235-6292-4451-b8f4-15fe3d9478ae,Roberto,roberto70@gmail.com
badbab88-fa2d-4bc8-aafb-142a16e61d9f,Carlos,carlos99@hotmail.com
e8448fb1-f076-40aa-9c12-6f4dbd14474e,Lucas,lucas37@gmail.com
58df4e96-472b-4d48-b7af-6036d45ea8de,Maria,maria34@gmail.com
f46e4d7e-6d1e-45a9-bc85-4d61244dab4d,Fernanda,fernanda87@outlook.com
e0b04fee-e1b8-470e-8f65-7739464e497d,Paula,paula8@gmail.com
a6b411d0-f201-4640-8f60-45df125ef77a,Roberto,roberto42@yahoo.com
d165d972-6fad-47a8-a423-66d029d5b9ec,Fernanda,fernanda94@yahoo.com
aa193e6b-6ff0-46cc-9025-42c2fccac2bf,Carlos,carlos79@hotmail.com
ec1e0f40-63dd-45a6-be0f-c507812f43ae,Lucas,lucas73@gmail.com
aef9df6d-6354-4523-8f89-b17da9464b55,Roberto,roberto51@yahoo.com
aac32271-48a4-40be-8ada-cd457970de92,Lucas,lucas34@yahoo.com
b0625ddd-c5e7-4318-877a-6d88cf676a47,Paula,paula62@hotmail.com
caa178f7-99bf-4ac2-ae7c-328b2928dcd6,Juliana,juliana31@outlook.com
4bac7183-1811-43ed-8937-ac3096ef2344,Roberto,roberto56@gmail.com
d2266415-eeb1-4422-b495-b16829513252,Ana,ana90@hotmail.com
66bd32e9-f51f-4d54-ad1f-1ee70ddad42d,Roberto,roberto93@outlook.com
841b43fd-d855-426d-93bb-bf8f49ca860c,Maria,maria82@hotmail.com
50ea3800-5b5d-44e9-b73c-60e1c8de6c5f,Lucas,lucas47@yahoo.com
5b2b9024-f6c3-41a2-bba2-34a13016287c,Roberto,roberto3@yahoo.com
983761f1-a12a-4dd7-b2e0-96b757d21f5d,Fernanda,fernanda40@yahoo.com
67e5e232-66d5-4d7e-aeae-d262c4b39faf,João,joão86@outlook.com
03248e8f-9f0b-45bc-8b77-57ee89af9d2f,Carlos,carlos58@hotmail.com
b1def188-bf4e-4cba-b725-5a14a0767169,João,joão27@yahoo.com
3e8b609c-3e6a-46da-96cb-02b7539a4765,Juliana,juliana18@yahoo.com
c02bc922-9656-4017-b52d-34d8917a39bd,Gustavo,gustavo51@yahoo.com
8e25e218-d853-4036-8a39-468eef23d160,Gustavo,gustavo71@yahoo.com
60f55f96-69bd-419d-a9c5-fb0c790cff30,Roberto,roberto44@hotmail.com
229d396c-6b47-4d45-9fe7-5f88e5b6477a,Lucas,lucas2@gmail.com
58bddeab-de78-400b-b84a-ee5ab486b3b5,João,joão54@hotmail.com
5aba1d35-83d9-474d-b70b-7d9dbdd88995,Roberto,roberto73@gmail.com
2295b9cb-a98f-419f-9bb9-7ca1ae396c20,Roberto,roberto25@hotmail.com
d3cc490c-d5b5-466e-8c26-ae7ec7f3f354,Carlos,carlos31@yahoo.com
7e1515f8-766c-4340-a49e-e0fc02018f04,Lucas,lucas43@yahoo.com
a70456e4-0386-4ebd-9f6a-21de9a7bf9e7,Maria,maria12@gmail.com
5bad5d45-5d05-4a42-9a8b-ebf62277a028,Roberto,roberto91@yahoo.com
84260461-c1f9-4868-a0b7-c339f7295b36,Fernanda,fernanda32@outlook.com
405fe175-4e35-4582-b6a5-cd36c6953f64,Roberto,roberto18@gmail.com
415dfe55-029f-4efb-a748-cda4c0c4fb7f,Lucas,lucas84@hotmail.com
2e6f12a6-62cc-45fc-9f8b-1b7c2bfcffdd,Ana,ana63@hotmail.com
811819eb-1f67-4e1f-90f3-b20e4680203d,Fernanda,fernanda74@hotmail.com
ffe04de1-7900-49a8-90f7-8127dfbabda5,Roberto,roberto34@outlook.com
c60321ee-409c-4149-8854-74979939b520,Gustavo,gustavo13@gmail.com
6d89c97c-7603-4f1e-a844-07dfe3c3202c,Paula,paula21@hotmail.com
fb4fa65a-64c6-4dc2-8bb5-e9397b455b98,Roberto,roberto32@gmail.com
fcbe8956-6d6e-423e-b03b-c5399fc672d7,Gustavo,gustavo90@yahoo.com
af3cbf01-9591-47fc-b258-55040c61f348,Fernanda,fernanda99@outlook.com
10994cb8-7256-4856-bf62-f0be5da260c4,Lucas,lucas57@outlook.com
59fb33a0-4142-4b03-b641-46cd92dea0b3,Roberto,roberto20@outlook.com
2f04bb4c-8c08-449c-9b17-1126fcf80929,Gustavo,gustavo51@gmail.com
35d4d90c-7930-477c-b239-85b169e9afa0,Roberto,roberto28@gmail.com
1f0aac14-c984-4174-ae30-0814db80394f,Lucas,lucas32@yahoo.com
5a24b663-7ee1-4a42-99cd-954299906dd2,Carlos,carlos45@outlook.com
e26f2121-2646-4782-821e-afd495469b13,Maria,maria1@yahoo.com
99457b1d-aac7-4cac-bef0-536ffa94c3ca,Juliana,juliana77@hotmail.com
5f97778f-99a3-48d4-b0bd-0b1a55d662b7,Gustavo,gustavo70@hotmail.com
84d87f6c-06f8-4e37-919e-583c909aec2a,Carlos,carlos100@gmail.com
42b16c47-1435-48bc-8e9c-c88c394a2d39,Juliana,juliana10@gmail.com
827d037c-9fd9-434b-9472-d99ab7f5179a,Paula,paula98@outlook.com
a764de4b-5d24-4db0-9daa-4a09f70a4a44,Maria,maria5@outlook.com
1dad0381-14bc-446c-b3a2-0f9bd80f826e,Juliana,juliana16@gmail.com
272a802f-6aef-4a5d-a4b9-7724e37215e2,João,joão9@outlook.com
ba504a52-383e-4da1-baaf-0537c4a24ba7,Paula,paula60@outlook.com
ac0a46c5-ddc6-4658-8cef-7d76d978c0aa,Juliana,juliana94@hotmail.com
75fa3622-be6e-489b-8520-dfad4b6b824e,Paula,paula14@gmail.com
29111d83-8b3d-42fe-b585-32628dc4df76,Fernanda,fernanda79@gmail.com
04d2692c-9be6-4a8a-9a6b-9c925a239c4f,Maria,maria75@gmail.com
df07632d-297a-4dd6-b45b-c4f17ff092ae,Juliana,juliana69@outlook.com
317b4992-d22b-4385-bae2-b218dc6eb488,João,joão55@hotmail.com
e9cd439d-06b4-411e-b8a9-e996054e37a7,Ana,ana78@gmail.com
eb423380-6426-49c8-9426-54c3aced0d97,Juliana,juliana79@hotmail.com
633c96a9-84bd-4bb8-a822-4147c4379c05,Paula,paula100@hotmail.com
9412462b-8646-495f-b74f-f7dc18a7ab07,João,joão100@hotmail.com
f5230807-7999-4c74-98c2-36d76e50af7d,Lucas,lucas5@gmail.com
3502356f-fa3a-4e77-a93d-bcbb9d7b7133,João,joão55@gmail.com
6814a837-2003-4260-be80-a151bec1d878,Paula,paula69@yahoo.com
f2038fed-72f6-4fd2-8795-49a2fd5b060c,Lucas,lucas42@yahoo.com
344d6b24-f9de-4842-acef-92feda6d1fdd,Fernanda,fernanda17@outlook.com
a9dee164-0d8d-4e7f-90af-bfb21117b716,Lucas,lucas18@yahoo.com
c229d71b-d1b2-4c73-a401-852c0f5e90ee,Gustavo,gustavo100@yahoo.com
ded6c7db-5668-45f6-986d-0c8af7f78773,Roberto,roberto19@hotmail.com
704a0fd1-2f1a-4829-be8f-8132278c2c08,Maria,maria34@gmail.com
2f408858-38bf-4eec-b7e4-b6f4ce193b10,Fernanda,fernanda89@hotmail.com
94d43b6b-258e-4fc8-90be-2698e5a77a53,Lucas,lucas81@hotmail.com
a58e27b6-d798-4dfe-aa31-1db60ae8ef97,Lucas,lucas45@hotmail.com
af120ac9-e870-4566-b5d2-e66de5d9a438,João,joão87@hotmail.com
91e8adc9-843a-48a6-a378-a2be9ed77c39,Roberto,roberto77@gmail.com
384d29e4-d7cc-4a86-a135-f3016187bb64,Paula,paula78@hotmail.com
c3bb5892-f799-4aa8-81d0-834748d52810,Carlos,carlos3@outlook.com
577074f1-f036-4522-a106-dacf07ac5d7d,Roberto,roberto80@yahoo.com
c050bf50-cc59-445c-acd9-a10e580d3887,Paula,paula68@hotmail.com
c5d73256-47c0-478e-b37b-69225ca830dd,Ana,ana22@hotmail.com
1d8feb25-f0f3-4eb5-abcc-34c02883ab7c,Gustavo,gustavo71@yahoo.com
ce52fcdd-1e64-4548-8ed4-17e245caf2ce,Maria,maria25@outlook.com
bb2d6801-8478-4f2e-8af1-343ada34a863,Paula,paula31@yahoo.com
9a69151a-cc1b-459d-8817-22b9f324da8d,Carlos,carlos46@outlook.com
5e81e7ca-1f85-4657-88e5-e7c05730ddea,Roberto,roberto11@gmail.com
894de09c-011e-4176-a608-9a8f916f31e2,Fernanda,fernanda25@hotmail.com
92daf4b2-3f7c-4ac4-bb5e-bd30745829b5,Maria,maria72@outlook.com
18a23136-9852-440f-a7cf-0cb06f8c9a05,Lucas,lucas31@yahoo.com
c04d420e-6cd7-45b9-aef8-ed1eec468188,João,joão98@gmail.com
d4ae96fa-06c0-4858-b131-1fd459ce7e4a,Fernanda,fernanda25@gmail.com
dfdd8b5d-7848-438e-8b23-d9257af9695e,Roberto,roberto19@yahoo.com
9a48164a-5d3b-4a8b-acba-29e1cdba0aab,João,joão59@outlook.com
1dc7e8c7-7d77-4c49-8291-4cd8272c546c,Paula,paula43@hotmail.com
52263461-3502-489d-aa94-9d81cd31d8df,João,joão75@outlook.com
17e477a4-b882-457d-8bd1-e32a23c536e6,Ana,ana16@gmail.com
73e4de10-bfd1-41b3-b260-68e00f1e59c9,Maria,maria60@gmail.com
fa7892d9-e844-442b-a9be-4e2c556d7fac,Maria,maria8@yahoo.com
97e200e7-2a51-41bc-9a2d-4a4037a8ced6,Fernanda,fernanda70@outlook.com
d31477e1-fdff-4128-88a6-00233c46addc,João,joão74@gmail.com
15083c96-7212-4352-b99a-7e16fe225aef,Ana,ana28@hotmail.com
7a0862fc-f0a7-4afb-8f7d-60c7f9c362f0,Roberto,roberto94@outlook.com
47d59cc1-b75e-40ee-afd6-c3aac82835fc,João,joão84@gmail.com
e2095c12-1a7a-4f90-bfd6-1272b796693b,Ana,ana65@hotmail.com
a7fc6cd0-c16d-49b6-9bc4-a7ccf9444864,Paula,paula85@hotmail.com
32d27587-56b4-4079-bf34-ca78e75b651e,Gustavo,gustavo36@gmail.com
c91fb566-ace4-4a78-bc6e-f9348aa6af70,Ana,ana92@gmail.com
7ae71fb4-661f-4115-86c7-613d2ec5de54,Fernanda,fernanda29@gmail.com
0b105349-317c-4c65-b40d-8a4ba4cd1436,Fernanda,fernanda88@gmail.com
0db20bcc-1c5d-4ee4-9cd5-394b33552971,Maria,maria15@hotmail.com
247e196d-c05b-4e38-9ee4-198856d03662,João,joão45@yahoo.com
7bccb291-8ef4-4adf-9671-62fa5823e4e6,João,joão16@yahoo.com
42c8315d-ffb6-4ff5-9af8-97fed1edfce9,Paula,paula26@outlook.com
629ace46-f37b-4c71-9799-90b4e0265fc7,Lucas,lucas71@yahoo.com
336f710c-81a3-4b40-99e9-97643300d7d2,Paula,paula3@outlook.com
f1949a2a-7407-4865-a566-14dd7fcdea48,Carlos,carlos70@outlook.com
66153916-9205-4443-a668-3e1a47194a47,Paula,paula95@gmail.com
d8424034-6f49-450d-b0fc-009edd4d55d3,João,joão21@hotmail.com
1ac31230-9ca4-467b-9bf8-3eb492b9a8e1,João,joão79@gmail.com
a7c6a55d-348b-4d84-b5e2-9c47b725d184,Ana,ana79@outlook.com
eadfa58b-1d98-4dad-9714-41dea5a57308,Gustavo,gustavo68@hotmail.com
5fa72e6b-8c72-4d0b-a371-7a94809e4241,Maria,maria92@outlook.com
09a4170d-07c2-4e51-a20e-82f92fe73b5c,Paula,paula87@hotmail.com
83a02161-1021-47b8-b379-2be8c61f61a4,Carlos,carlos100@hotmail.com
7d3ac0f4-9016-46b8-bc54-feb127468bb2,João,joão60@hotmail.com
14200691-a254-464a-a1a5-97e8e4fa389c,Gustavo,gustavo62@yahoo.com
18490a13-ae32-4180-bf77-f5378138c60b,Lucas,lucas98@gmail.com
1a595494-9034-4999-81f3-cd7d63a3fe9a,Juliana,juliana57@hotmail.com
cec5e4b8-1655-48db-8c73-c82350d71dbb,Fernanda,fernanda93@hotmail.com
1a993371-d38b-40c8-8f2f-307182aad15e,Carlos,carlos36@gmail.com
1501c90f-d9f9-49c8-9cf8-d0f4b2b2b353,Juliana,juliana3@hotmail.com
1938245b-d35f-4647-a837-42de18143849,Juliana,juliana51@hotmail.com
4f8e2927-2587-4a9b-8124-7814896d1988,Lucas,lucas31@outlook.com
0d277d25-78a1-4e70-b6b3-c1dc7420392e,Juliana,juliana41@yahoo.com
4b85fcc9-4f45-4ad2-be07-6cfc83b896ba,Roberto,roberto1@gmail.com
c253b859-d5a4-42b9-aecb-7cee99145647,Juliana,juliana78@gmail.com
febc0e37-3ac4-46bd-8288-154a9b07fcf9,Maria,maria4@gmail.com
9ca22159-5e61-40d5-82a9-dc69905f98a0,Juliana,juliana41@yahoo.com
e349d9d1-d772-431c-b44a-cea0d5ba6dac,Maria,maria23@hotmail.com
90201bd8-fd76-434c-b9c2-96cf8e8bb6ef,Ana,ana40@hotmail.com
1533b565-1212-4e8c-973f-2fb579b492fd,Roberto,roberto59@hotmail.com
24aef48a-813f-4e44-9a8b-2c3ac1bd8c10,Fernanda,fernanda36@yahoo.com
a4eb1e77-b899-4965-bf80-ef23196fd153,Gustavo,gustavo26@hotmail.com
904ada96-0f51-46e1-9d71-55c4013266bf,Paula,paula29@gmail.com
7a2e8082-dd82-4abe-9bce-1efd0768d473,João,joão21@gmail.com
0c617405-fb48-4576-a224-86ba6dc51b7a,Gustavo,gustavo43@hotmail.com
a1c65f22-acaf-4237-a6a3-f5d9b20d696a,Ana,ana46@gmail.com
fa1eb541-182f-4e41-b05b-6948322a8c26,João,joão73@hotmail.com
531b422a-5e8f-4b0e-8fff-e7e622dd1ecb,João,joão23@gmail.com
6be87696-31a9-4178-93b9-505e85d30836,Lucas,lucas80@hotmail.com
a782ab27-6eac-49ce-83c9-e78183ee7d35,João,joão28@outlook.com
a40ae055-ee6a-470a-b218-ab3957350177,Lucas,lucas37@hotmail.com
b53d8e93-8711-435d-8971-0a7830eeaa8d,Fernanda,fernanda1@hotmail.com
0f1f3fe4-acaa-41e1-950e-06f756327c14,Ana,ana61@yahoo.com
6d311ec0-775d-408f-8326-6bb38673676a,Juliana,juliana83@gmail.com
b2377515-8027-4749-9d3b-922364d70a3e,Maria,maria36@gmail.com
ae37cdcf-632b-43c1-8a2f-f72609e03b0f,Fernanda,fernanda39@gmail.com
6c8690fe-56c0-4d2e-a689-72c8bc9c3bab,Lucas,lucas6@yahoo.com
aeaf564f-eb15-45f5-9d56-b707c915ca49,Roberto,roberto38@hotmail.com
43dd7d09-964d-4795-b5ba-107f2aa4cc04,Paula,paula7@outlook.com
3466a549-f8ce-466f-8d7c-1cf82d70560c,Maria,maria96@yahoo.com
d0b7cf8e-755d-4871-bfb6-a2589fc902a6,Gustavo,gustavo53@gmail.com
c25df31e-6cec-48e8-9aee-db246362def7,Roberto,roberto49@outlook.com
31e3d20f-f3dd-485d-9e09-b09c728f7377,Fernanda,fernanda36@outlook.com
4431f16a-ad70-4299-a280-388860675a24,Fernanda,fernanda80@yahoo.com
31340de6-c2ca-408c-bb28-f506f527911b,Gustavo,gustavo55@gmail.com
45b2863b-c055-4055-803c-d109b033c540,Maria,maria68@outlook.com
a6d6dab6-1aca-48a0-853a-ae906afbe2bc,Gustavo,gustavo87@hotmail.com
38078be3-3681-4adf-ada8-e8c0a9072851,Maria,maria65@hotmail.com
e4c6c9af-e351-4520-8f65-66c6666b05f8,Maria,maria32@gmail.com
8a3a54ea-7f64-4f71-8f0b-cab83ffd39a5,João,joão97@hotmail.com
97d6187f-90e0-40b5-965e-41f3c7797a6e,Paula,paula39@hotmail.com
15b3a010-2dc1-45f8-9fff-a49adff2651b,Juliana,juliana58@gmail.com
d68044ed-4c71-4858-8bb6-4f4c268c82fd,João,joão91@outlook.com
10d54039-5965-4858-bc79-0a930f1edc56,Juliana,juliana41@yahoo.com
e9fcdf9a-1628-4735-97df-d59cb8207f00,João,joão74@outlook.com
362df396-35ff-48e9-8cee-da053ba780e3,Carlos,carlos95@yahoo.com
c2a80481-4b06-425a-8424-fb55e8d50ee8,Fernanda,fernanda38@hotmail.com
5527ee0e-368a-48a9-bba8-e4cceda6aac6,Fernanda,fernanda27@yahoo.com
10180606-5ea9-44e2-925b-5e2a912038f1,Paula,paula48@yahoo.com
4eabe564-71e6-40e6-b36a-8bc2db37eb3e,João,joão59@hotmail.com
753dba03-444a-4889-9189-dade1e14a783,Ana,ana78@hotmail.com
40da38d5-1897-4db3-a4f4-2ef8203e9dfb,Carlos,carlos26@outlook.com
20ebc7f5-dd5e-4560-a971-796d143c7eed,João,joão95@outlook.com
919bdaec-bbae-44cb-a348-bda970d47554,Gustavo,gustavo25@gmail.com
a7ab940e-10df-4168-806e-b785e0d34da3,João,joão17@hotmail.com
e9aa8d94-a6eb-4058-90b3-395bf6a4842c,Roberto,roberto24@hotmail.com
356dc73f-665b-4b4b-8d7f-202d97cbff7c,João,joão36@gmail.com
0e50c1d8-6251-401b-bc41-4518c838947d,Ana,ana67@hotmail.com
34a9736c-4c0e-4f9a-aeaa-34200460bcd1,Juliana,juliana12@gmail.com
1f3a3676-efe6-4488-b8ed-7ac7833149db,Roberto,roberto70@outlook.com
15b718b6-e97b-4258-a98f-1e73ade4f032,Paula,paula92@hotmail.com
e9df1187-1a85-401c-ba44-5addbcbc0b16,Maria,maria21@yahoo.com
688a5da1-7775-44d1-a68e-5876e6c83c44,Carlos,carlos43@gmail.com
3f43675d-b6ed-4ac3-8c22-9aaf2d1f24d3,Roberto,roberto41@outlook.com
2ca745f1-77c6-4a42-9c3e-229ea9c41128,Roberto,roberto41@outlook.com
3bf94dc3-c028-4edb-8303-f57094812def,Fernanda,fernanda27@gmail.com
6d5c9cb3-fda8-4ee1-ab0e-747f6b89e761,Juliana,juliana40@outlook.com
f14bcf7c-9a05-4e8f-8675-a3c59d518277,Fernanda,fernanda30@gmail.com
f0ff50fc-9026-44dc-b7d6-0c2ad7a0cb16,Fernanda,fernanda85@outlook.com
4a2704bf-d23e-4599-a31d-59769abeec39,João,joão68@hotmail.com
66584235-0c5e-4710-9db2-489ff036ee71,João,joão100@gmail.com
42e19ee8-ab5e-412a-9e31-4e8d51c3ba0c,Juliana,juliana1@gmail.com
7ce5977d-b45b-4e7b-abf5-32b1bf76843c,Fernanda,fernanda12@yahoo.com
0850b2b2-53a2-4343-8973-e6be510c7c4a,Carlos,carlos15@outlook.com
8d092c8a-849c-46fc-8a4e-51a94010c134,Maria,maria15@hotmail.com
945a1665-2014-4e26-a81c-bc1215e63f7a,Gustavo,gustavo38@hotmail.com
abb2be33-3b9f-4b5a-bfc6-73c62203f4cb,Fernanda,fernanda27@yahoo.com
32f346ee-1b12-472d-92b0-571cae352c31,Maria,maria14@hotmail.com
fec9b222-f6c4-4aa0-a023-d709a21e0147,Lucas,lucas83@gmail.com
f40111cb-0d92-49ed-a435-608bae9d2b94,Roberto,roberto15@yahoo.com
d6facebd-074b-44ff-9532-0789abaab47a,Fernanda,fernanda23@outlook.com
2ef73162-6efb-4f10-aea6-cf3bbbc84fb8,Paula,paula69@yahoo.com
b351f6ff-f9d1-49d3-90ee-479689c5c760,Fernanda,fernanda43@yahoo.com
4d661866-0137-4166-8bb2-717083c879e7,Maria,maria43@outlook.com
c92ccda6-01f8-42ff-a9cd-4ce06efe9828,Fernanda,fernanda55@hotmail.com
e060e9b5-c971-40c3-93e5-4dc83cedc2b2,Maria,maria81@outlook.com
8747b0dc-e4ad-48f7-a709-ba1cf8586395,João,joão30@yahoo.com
7cd6bde9-041c-4b7e-9726-d7aafeb6f5bd,Carlos,carlos52@yahoo.com
13751b10-ba3a-45c7-89da-dd24e0f22f53,Fernanda,fernanda38@yahoo.com
203780c3-91ff-4259-8c3a-2a7400a02c1e,Lucas,lucas83@outlook.com
b0af3267-a9c7-434a-b607-7ecdd156227b,Gustavo,gustavo26@hotmail.com
c6abcd10-3d56-484a-981c-ef6b94d30ae2,Ana,ana60@outlook.com
fa329b6c-f3c0-435c-b7c0-69eeafb2d74d,Ana,ana77@outlook.com
84a4c140-1f74-48ba-9135-a7e0e6229ca2,Juliana,juliana23@hotmail.com
6cc3b5d3-a25f-4768-b23a-98382ee14f80,Gustavo,gustavo7@yahoo.com
36250466-8434-4376-bae2-795ac5500654,Juliana,juliana11@outlook.com
815cbceb-5574-4dc5-a427-717ef593d6f7,Maria,maria33@outlook.com
dafe63f9-e381-45b7-befe-bb4e38f93986,Juliana,juliana41@outlook.com
00d2453b-8a6e-4615-9da6-aa7e79c76931,Paula,paula22@yahoo.com
e151a4f4-5c98-4f9d-8373-3d29cae05495,Fernanda,fernanda83@gmail.com
f63416f3-9f4f-476d-8ae9-b128c68744fe,Fernanda,fernanda14@yahoo.com
12e98f4d-ee28-45e9-8d43-dfe6d79a6c0d,Gustavo,gustavo83@yahoo.com
bced6ba0-c9b2-43dd-a4c8-19490a7c964d,Lucas,lucas46@gmail.com
2f5dadf7-7e74-4d81-83c5-63e410aa8f8e,Maria,maria4@outlook.com
aea8295b-c5b9-4377-9c08-c49a4d6f972b,Juliana,juliana88@hotmail.com
42fb267d-3217-48ec-8c7a-1469a6fba5bb,Fernanda,fernanda58@yahoo.com
ec76884b-3865-4d80-9f73-151a600f8c58,Maria,maria65@hotmail.com
efc564c3-0d18-41df-a792-f5549fe3472d,Lucas,lucas37@hotmail.com
b7489e4f-8ee6-49c0-a512-a9a84667adbe,Juliana,juliana3@hotmail.com
ed08b9a7-9625-4f08-a6c7-484fc33c359d,Juliana,juliana12@outlook.com
3db0205d-efef-4fc4-a2d4-a8e35e23c45e,João,joão29@yahoo.com
1230914f-25c5-4562-b18a-aaa9849d94ec,Juliana,juliana67@hotmail.com
3cc9e1f8-8cfb-4f0f-916c-1d4e0b99727e,Paula,paula41@outlook.com
ba5c9780-047c-4751-8f3f-511f34330bc7,Maria,maria58@yahoo.com
8dcd6cac-3c97-4b77-a7d3-5961ac08c692,Gustavo,gustavo45@hotmail.com
9ce710b1-df15-43e6-ab4b-b63210bfa96f,Juliana,juliana11@hotmail.com
c2cb5ff5-5d6a-4e00-b87d-7c832e5e8b25,Gustavo,gustavo90@hotmail.com
8a7e4e34-d6ab-4f9e-b177-b6293775de5e,Paula,paula77@outlook.com
cfb56efc-b2f4-4705-9f1d-0b07fb0e0639,Carlos,carlos71@outlook.com
3bc6a5ef-4481-4ce6-85d2-45e10caad43a,Ana,ana46@gmail.com
a5be7e0c-c824-48c6-85a0-0adaf10dcfb2,João,joão34@hotmail.com
e68bcb10-d402-43e6-878d-128d529dc1d5,Fernanda,fernanda63@outlook.com
ba3d3833-9d9b-493a-9156-564a2547fed0,Gustavo,gustavo10@yahoo.com
eb8ce1e3-ff60-4786-b017-1f110549aea2,Carlos,carlos80@outlook.com
d8b65d82-1e39-4b0c-9a96-fcf9905169c4,Roberto,roberto12@hotmail.com
80d97f24-4a8a-4ab6-a400-64e487d990d6,João,joão12@hotmail.com
993282ae-88ce-49a1-946c-0e5141fa3498,Roberto,roberto57@yahoo.com
48113c3b-a562-41a9-b279-b4a1f8a11514,Gustavo,gustavo54@gmail.com
8f1b97cb-165a-4db8-953b-f22b247e3905,João,joão74@outlook.com
3ddd8982-8299-420a-a133-297ce9b16877,Carlos,carlos20@gmail.com
04609649-f9ac-4229-9f77-cf2b6d0e63d6,João,joão44@gmail.com
3dea90fb-7e2c-4c68-8252-0945977a52fa,Ana,ana25@yahoo.com
f06394f8-403c-4a9c-94d3-e7b23bb7388c,Ana,ana92@hotmail.com
f9e7b819-f816-4dc8-98fa-e2cde8c542a6,Ana,ana3@yahoo.com
01539754-dba4-45c8-8ee9-8082d43d1bf0,João,joão7@yahoo.com
e8386867-5594-4b4b-b103-b18444358d9a,Maria,maria77@gmail.com
42b3b1bf-b937-47ac-8ee0-a10f551593a9,Juliana,juliana75@gmail.com
4d91aec0-f7d1-448b-81d3-1726614d06f6,Lucas,lucas12@yahoo.com
81475b30-42da-484e-a5b6-f976b5786717,Ana,ana26@gmail.com
0f1a4824-d3f0-430f-b4fd-750da48c0a3d,Juliana,juliana65@hotmail.com
72af7e89-45c6-4f41-8f9a-d0ac2ddc8a27,Juliana,juliana40@gmail.com
95166208-5549-45c4-b8a7-80efb2806408,Ana,ana42@yahoo.com
4901f90f-9f6c-4ff1-8188-99bea0cffa1c,Fernanda,fernanda88@hotmail.com
61f166ec-c62e-4a0b-a483-61e983559851,Gustavo,gustavo100@yahoo.com
2eefa09a-4ca6-4dfc-b0ab-2c847bf19435,Juliana,juliana48@outlook.com
855d4b4f-8598-4366-9ea7-fb7465fd4e6c,Lucas,lucas39@gmail.com
c83d375c-fa10-4b29-9d25-2eab2f8c79d3,Maria,maria73@yahoo.com
70c893a8-dbd6-4ffa-8da6-fca2b0d1f2e8,Ana,ana48@yahoo.com
aae8f068-c47d-4ba5-8aa8-de33ab44f04b,Maria,maria55@outlook.com
e1c3962b-b9db-4a7d-b529-22008d880594,Juliana,juliana31@hotmail.com
a019ecb1-8d0b-4fee-9d5d-380f0ee1949b,Maria,maria22@outlook.com
b6489d3b-b6ed-475a-9b65-bc1dc2fc6bb9,Juliana,juliana89@outlook.com
630ee6bb-031e-48eb-814e-2553dbddf9cf,Roberto,roberto98@hotmail.com
77872176-064e-4d8e-8f52-a21341d1ce18,Maria,maria8@hotmail.com
2505de26-e0af-4a00-80c1-3eb2db9bc98a,João,joão76@hotmail.com
8e2ee244-c445-4abc-ab20-ccfbe30f5d49,Juliana,juliana25@hotmail.com
1f5d3ce6-aa7b-4d36-8496-c8a2febb0237,Juliana,juliana28@outlook.com
316cd2e6-67be-41af-9a1e-93d2c92dfa44,Paula,paula19@yahoo.com
d96e27e1-d493-43e6-aebf-ee892b361c6a,Paula,paula29@hotmail.com
75f61553-27bb-4837-b1df-852120a303c8,Carlos,carlos40@outlook.com
ffb1fb0d-8d40-4d39-b832-a1b29134e974,Roberto,roberto76@outlook.com
4c4e7be8-06cd-4d23-8f99-f5c32969f72c,Lucas,lucas31@outlook.com
aac5e94b-89ae-4347-80c7-fddb59557176,João,joão72@hotmail.com
e994b783-8c83-4444-9ac2-e906e2f68d28,Roberto,roberto51@hotmail.com
a912112d-bce6-47f1-b057-0d3e81b02632,Maria,maria98@yahoo.com
9db08657-e031-40c9-871c-044a2f674d72,Lucas,lucas98@yahoo.com
0a259f3a-3688-457b-8406-8e6b80faec66,Lucas,lucas68@outlook.com
f888307d-a2c1-44b7-831c-d46e7f1ecfa4,Carlos,carlos69@yahoo.com
04875d69-fe7a-4324-85f8-4a25302b42ed,Paula,paula45@outlook.com
623bb0b8-5718-431d-98cb-e55b353af284,Carlos,carlos97@yahoo.com
3cb5b98f-7ad2-4db7-8242-c39fc03b170d,Paula,paula94@yahoo.com
d57e9205-92da-47fa-bd66-efbdbb82e934,Fernanda,fernanda18@gmail.com
43f7639b-6ee8-4b73-9ce3-18d4e122b800,Paula,paula32@hotmail.com
a399dbea-b8b7-4888-b54d-17468f9b2f6e,Ana,ana3@outlook.com
b28452a6-1da5-4a25-89d2-c4365da70b54,Gustavo,gustavo23@yahoo.com
3a03796d-a6ac-4bd6-8146-5e6c79ac1198,Fernanda,fernanda56@yahoo.com
f2d146f4-132c-4ff5-a8f8-f4d36d0e04c4,Ana,ana88@hotmail.com
465dc5a1-5957-41bf-9881-46f7a0c2a781,Lucas,lucas28@yahoo.com
ef073019-f5d5-483f-ad0e-2798adf7fc8f,Gustavo,gustavo78@outlook.com
4aefa4da-cdbe-4141-a7d1-16fd69ad47f4,Lucas,lucas96@yahoo.com
f098719c-8588-459d-a2f5-7b67a3e206f3,Lucas,lucas49@yahoo.com
ebf70999-6775-4c64-8b88-46003cc0dcd2,Carlos,carlos34@outlook.com
968f4766-0f67-4661-9216-ef943736593b,Lucas,lucas73@outlook.com
7f1e8e1d-156f-4a03-9d28-0c5225e05e2e,Ana,ana4@gmail.com
d1457662-9af5-4ebe-ad25-6d7e241cb85d,Lucas,lucas96@yahoo.com
68d8a7b0-c210-4ca7-ada5-e9ffb8415394,Gustavo,gustavo13@hotmail.com
8a0df3f7-1d3b-4597-838a-1c73f87bd286,Juliana,juliana61@gmail.com
8adcd403-ba88-4688-8796-f36a25dd583f,Carlos,carlos80@yahoo.com
f3c99bd1-44cd-4f31-8d9f-6e50d05dbe02,Fernanda,fernanda36@gmail.com
6040d537-e641-457a-88ee-4d0ad3921d94,Maria,maria23@outlook.com
d901147f-2e3a-46c7-8f0a-c4f194de0754,Gustavo,gustavo30@gmail.com
e38e1f8d-34cd-423b-a584-48c812c6485f,Maria,maria1@hotmail.com
46fb844f-296f-4f95-98c2-4448e4f6600c,Maria,maria74@gmail.com
c85d7b64-7520-40eb-a469-7974bdbd7714,João,joão74@outlook.com
a825d1b1-cdb5-4a4f-a5aa-3cad08a0308e,Maria,maria7@outlook.com
7046293d-9b8e-4fe7-9b20-faaa86c3364e,Carlos,carlos33@hotmail.com
6a730c55-7754-447b-9968-db88c2e6db83,João,joão68@outlook.com
e1d76b57-d6d9-4f51-9c97-a83224e8dc25,Ana,ana36@yahoo.com
60d2a003-b19d-45e5-a937-5e3361b13701,Juliana,juliana70@yahoo.com
2f207ced-58ef-4d58-8cf5-3a41b6fcc916,Ana,ana31@outlook.com
abf55c4c-a47b-46b3-8886-8b4d631c039d,Roberto,roberto52@outlook.com
5d603b69-8942-4636-8cb3-a45a932f311a,Maria,maria96@yahoo.com
e01af42d-91a6-41ad-b51a-fc061f30c73f,Carlos,carlos3@yahoo.com
e77787de-bb4b-44ed-907d-165aaf4111ce,Maria,maria51@yahoo.com
3ee48def-1ed4-4489-952e-a382a5ab9bb6,Juliana,juliana30@outlook.com
3a85664a-8bae-46bd-82ab-abd710f8b4c5,Roberto,roberto98@gmail.com
1e3c91b2-d0d9-4fc8-904a-69e20c649ffa,João,joão10@outlook.com
6619d143-47c7-4691-ba6c-38c2a2c5cebe,Roberto,roberto14@yahoo.com
f4cdb57d-a04b-42e7-88dc-839efb157e2c,Carlos,carlos96@yahoo.com
be90c9dd-3a71-46dd-a760-8d238bb4fd39,Juliana,juliana24@gmail.com
c8e2298f-5dfb-4e55-bb2c-82c7b1f2fbdf,Gustavo,gustavo87@hotmail.com
a70b4cb1-7857-43ab-bd2f-80591c809a62,Maria,maria17@yahoo.com
e104d56e-75e1-4515-9589-b754f96603ae,Fernanda,fernanda24@gmail.com
d4d48f97-1237-4a7b-9f13-0251eeaaa5d3,Ana,ana34@yahoo.com
2fde1889-8a49-4e49-b10f-84f2012b35a1,Lucas,lucas39@gmail.com
01e94c39-529d-4044-9394-a31b7b593104,Roberto,roberto71@hotmail.com
4a48faff-8c4e-401d-a038-3b3a58c72144,Paula,paula95@yahoo.com
9617ca13-bcea-4e0d-bab3-2deb6a33b500,Gustavo,gustavo33@outlook.com
40a67078-627c-468a-956e-0acd881833d9,Paula,paula10@hotmail.com
4b0396ee-a6c9-458a-9eed-af5393ae3ace,Gustavo,gustavo62@outlook.com
5876a297-9aa9-45ba-8f00-3f58ff2a47f2,Gustavo,gustavo5@yahoo.com
cd5622ef-fc6b-410e-88e1-9d1a793fa503,Gustavo,gustavo29@yahoo.com
44c1a761-19ab-4774-802d-d6b295b7ef90,Carlos,carlos15@hotmail.com
574df57b-c5f6-425f-80e1-bace45acf7e5,Carlos,carlos71@outlook.com
da87a368-024d-4299-a23e-d87b376a068f,Roberto,roberto41@outlook.com
df5a607f-7adf-4f49-bba0-e8ea402cdca3,Ana,ana26@outlook.com
2c1df1e9-7003-4fcb-b2af-a3b10b66e70f,Roberto,roberto88@yahoo.com
965c4f95-d6bd-43b4-a025-7d3a58b62c4d,Gustavo,gustavo16@yahoo.com
571e4304-6a0f-4322-80a3-201486c010b9,Carlos,carlos98@outlook.com
2b7a60b6-5a86-4b94-96f6-a2577114ad2f,Juliana,juliana95@gmail.com
dc1b47ea-a99b-4ee9-ac3a-cf3613291d51,Ana,ana41@yahoo.com
b58d3e90-90ae-441c-95bd-978166c4bf03,Lucas,lucas44@yahoo.com
e9dd6ba3-6430-4310-895f-e14923045fa5,Gustavo,gustavo11@gmail.com
2f5e506f-48cf-4077-9678-53243c2f73f6,Paula,paula57@outlook.com
305c3167-efb7-4a6f-b7a4-a3b40777d9f6,Fernanda,fernanda31@yahoo.com
d20d6c37-a317-480d-b8e6-444b39ea6a5b,Carlos,carlos18@hotmail.com
0069a011-c79d-45ee-bad6-31adbd371928,Roberto,roberto17@yahoo.com
425f971d-b7c2-4777-9b67-3778368e0631,Ana,ana1@gmail.com
9358a5ae-72e4-47b3-bb0a-82e6921a0735,Ana,ana27@outlook.com
a9e27187-9549-4e51-a02a-e2046a5eb3f6,Carlos,carlos45@outlook.com
c7334a9f-dac4-463a-ac83-9cc3e6495aaf,Ana,ana13@gmail.com
af8d595f-d79b-4db8-a9f5-d39070cb46a5,João,joão66@outlook.com
686fa23a-6c0b-4570-99cf-0d09cd32a915,Lucas,lucas37@outlook.com
4327d47a-5b84-40eb-873b-6d0b4b868929,João,joão31@gmail.com
2a0784a6-0241-44d0-9a6c-8cfef3eb748b,Fernanda,fernanda56@gmail.com
cca2689c-f88d-44cf-bb7e-51f9a87a2a9b,Ana,ana60@gmail.com
e21f7cab-c2bf-4e9b-a352-e61347394629,João,joão11@hotmail.com
607d6d44-3fec-4e78-a958-91320d927387,Gustavo,gustavo24@hotmail.com
406b2e7c-7628-4d45-92b6-e8001e9ddfa6,Fernanda,fernanda24@hotmail.com
bbbe89a8-0c8e-49bf-91f4-2806b687d8a4,Ana,ana73@hotmail.com
4d4befaf-01d2-4891-ba20-76fe05856ef6,João,joão74@yahoo.com
d21dc7b5-2c67-48cf-ae80-3b1932d903ac,Roberto,roberto19@gmail.com
2e33f14b-6da6-45bd-9078-857a2697334e,João,joão83@outlook.com
fa4c24c5-4fca-4572-a041-7f991149f44e,Paula,paula45@outlook.com
bd01f94a-8c8e-4579-a19e-1b27c084c5d9,Maria,maria81@yahoo.com
e3250e50-a9ac-4b0e-92fd-0ca556a1ee97,Paula,paula47@outlook.com
1bc750ff-7b6c-42de-95f0-9f8b3da1c979,Maria,maria48@yahoo.com
b0acb4dc-dacd-4dba-98b1-66b8a55ebe3b,Paula,paula29@gmail.com
3052585c-9b4c-4b59-a40c-cf752e1014de,Paula,paula65@hotmail.com
ec2b4615-5469-447b-bfc4-02478e7e1365,Carlos,carlos59@outlook.com
80995d6f-230c-4064-b328-d03539b80516,Lucas,lucas27@gmail.com
413a0589-77b4-4d28-a06a-d7be55d67dff,Juliana,juliana17@yahoo.com
fd272b48-5d4b-4706-bad4-ac0606309c9b,Carlos,carlos97@hotmail.com
037ec0af-1196-4aa7-b75b-501c73d8fc68,Fernanda,fernanda70@hotmail.com
2e788474-88f2-46b6-9775-363e44a77201,Gustavo,gustavo42@yahoo.com
a751768c-9f3c-4a06-9a2d-04ae1b5774e5,Ana,ana67@gmail.com
d2cb03e4-99e1-47d7-b213-5d01532e6891,Ana,ana74@hotmail.com
f2d60fd9-5c6f-413b-8f71-fbf7889abe5a,Maria,maria22@yahoo.com
2cee2899-7776-48f6-96e8-960bdd4d558e,Lucas,lucas81@gmail.com
4a0dcec1-65dc-483e-a788-ed950c9206c3,Maria,maria83@gmail.com
87bccfb2-6e50-41fb-90e8-65b955b89185,Roberto,roberto43@outlook.com
3917dea3-fe06-4f02-aa31-480a04828b03,João,joão11@outlook.com
77c91c55-ac93-4781-8de3-80d6b8758b70,Lucas,lucas59@hotmail.com
360a9491-55c0-49eb-b440-a7f0399e9306,Lucas,lucas50@outlook.com
0a5465ce-afde-45ea-b0b0-963dacb24bdd,Juliana,juliana58@yahoo.com
034eb071-fa45-4e75-ba2b-75f85a90ea7f,Lucas,lucas76@gmail.com
46b04bee-0f6a-4d22-9ea5-7186731e3dbf,Maria,maria44@hotmail.com
e179d7d7-5b30-4333-91ff-d02ff5c2dd36,Fernanda,fernanda95@hotmail.com
2ba7e924-f6fc-4945-9c9b-7d013adfb126,Maria,maria40@hotmail.com
515ba309-76f1-487d-98fc-5b041cdb4cee,Maria,maria9@outlook.com
40114b9d-8585-4cd7-abfd-ec230ee84579,Ana,ana76@hotmail.com
63302c4b-d2a4-475e-9f1d-26f0f27ac556,Juliana,juliana89@gmail.com
daba3a47-6196-429f-8a82-281ca9b54f09,Lucas,lucas8@gmail.com
071b2bff-d436-4c16-83a2-658a0fc8708c,Maria,maria80@yahoo.com
e8f0aed3-399a-457f-9ec7-0759a08c6a97,Lucas,lucas78@outlook.com
97bbc390-1c61-4a88-bd27-27d4af9c13ff,João,joão87@outlook.com
b774705f-8ddf-461b-a5c8-66eadee4a0d9,Roberto,roberto73@yahoo.com
130024d5-0f7e-4e63-8743-44109f404d14,Gustavo,gustavo58@hotmail.com
12fa3cc9-9b7f-4eb9-bee0-02929b21fead,Paula,paula13@gmail.com
8b713eb7-4775-4021-a812-c81fad77cb17,Roberto,roberto83@gmail.com
b9072e07-5714-4890-a90e-bf580d2b81a6,Roberto,roberto58@gmail.com
7b63c858-4cf7-42e8-84e5-e03e40f13bf4,Lucas,lucas16@hotmail.com
ca1cef8e-ba6b-489f-8c58-9dc913829507,Carlos,carlos71@yahoo.com
7f22462e-4a88-4958-aa1c-4ceb03210e6f,Gustavo,gustavo34@yahoo.com
e4885f7f-155e-4a3a-8729-a2e07ab3eacf,Lucas,lucas15@outlook.com
60828ac1-59b6-4ea7-8f4d-26db247a7d58,João,joão51@gmail.com
ff60636d-68c3-4e5a-9a00-ee12d5c3bce5,Maria,maria61@hotmail.com
593bd574-a003-43b3-a58c-7e00bdad7094,Fernanda,fernanda30@hotmail.com
f9392f97-325b-46fb-9741-f4518c13c9df,Juliana,juliana23@yahoo.com
edbf398a-f9c7-4824-b7d2-fefa86cb4da8,Maria,maria98@hotmail.com
f6b388fb-026d-4c6a-bb3f-bb526b1faa8e,Lucas,lucas46@hotmail.com
90afb67d-9896-4e41-b77a-0e3005bc1ef6,Paula,paula50@gmail.com
463bcc32-25fe-4dfb-869e-5da06ab33a79,Paula,paula32@gmail.com
470f893d-d2b6-4507-b772-5f24ab6091d6,Ana,ana34@outlook.com
beba0ff6-b935-4681-9a02-42340a77b449,Maria,maria24@hotmail.com
f35abf4d-ce8b-4609-aa5d-08cf1cef7e4b,João,joão22@outlook.com
ef1dc9af-89f2-4003-b535-38507cdaedf9,Fernanda,fernanda23@gmail.com
e1316dce-4564-470b-ba20-2ca25ee6dd95,João,joão5@hotmail.com
63e8ec51-c23a-45d3-848c-c984437de0ac,Ana,ana4@yahoo.com
86f99b60-14a8-4961-9d46-72d98ac32259,Gustavo,gustavo14@gmail.com
a0b05a1e-b33f-42f0-b568-2ffbb141147e,João,joão2@hotmail.com
36934d73-770d-43ee-bf20-6494b994ad53,Roberto,roberto28@outlook.com
d554a8ee-b84a-495a-a975-195e85651eca,Fernanda,fernanda30@gmail.com
4c79a831-1ff2-4877-beab-6357d07d5ffe,Ana,ana2@yahoo.com
f44b9df8-aae8-4be7-9e66-5ae1c0c3eda1,Maria,maria84@outlook.com
6e90c54c-a794-4d73-90e8-ba6363ba7a90,Ana,ana1@gmail.com
ca6205fc-af32-4c5a-8a7d-4c2d8a44f12b,Lucas,lucas2@hotmail.com
a1bdf2b8-c9c6-4dcd-abf7-df3bc9bc4fee,Maria,maria45@hotmail.com
039533b2-aa10-40ee-9c1f-05db80d66507,Gustavo,gustavo27@yahoo.com
6b692d4a-f6d2-4f44-8e65-bed44e33bbfc,Ana,ana93@gmail.com
3e89d9f9-04e1-4762-9af8-c48de13443c7,Ana,ana73@hotmail.com
b78b69ff-7d8c-4737-bfe9-b22f033c8342,Roberto,roberto49@gmail.com
d226c09c-5fdf-4ae7-8d5d-b534e3873050,Carlos,carlos2@outlook.com
918e074a-22cf-4fc9-8d84-e643d9840b0d,Roberto,roberto38@hotmail.com
339ab965-4ada-4aa6-93c8-c1714c54dcb0,Paula,paula27@yahoo.com
db2c20ad-a46d-4489-a3a8-eb3ad8aaf821,Lucas,lucas58@gmail.com
152e7f16-711c-44e1-afeb-737c69bcd5de,João,joão27@yahoo.com
fd84c9b9-049b-4844-8b8c-c7ddc5817f61,Juliana,juliana71@hotmail.com
a1bb8a6a-f208-494a-855c-8b042fc0bc56,Gustavo,gustavo35@yahoo.com
0dab6ade-6c52-4fb3-af24-1b2ee3a651a5,Ana,ana1@gmail.com
cdd8e6b1-dd11-4b95-86d1-1779718ede44,Ana,ana78@yahoo.com
d5f1123e-e624-41ab-9e68-1459907298ac,Carlos,carlos60@hotmail.com
fe37cfef-9c16-474f-9760-36c95bf203e9,Fernanda,fernanda21@outlook.com
b8ee119a-a313-4191-a025-0e356d3bdb3d,Juliana,juliana12@hotmail.com
42acd0f7-a438-4c5b-9bef-8330fc8e2de8,Maria,maria17@yahoo.com
65892ec0-b5c0-4fa9-ba24-1c49804ad067,João,joão82@gmail.com
83e84f84-7f44-4d0e-a2c2-d5c85e19ed28,Ana,ana72@hotmail.com
6a849e44-9b10-4511-81f0-2d8a11e1e8ea,Roberto,roberto88@outlook.com
c5c90663-e95a-4c2e-8635-e2c2166ca418,Ana,ana6@outlook.com
d06b3289-a01e-40d2-8f17-6ba30f734642,Juliana,juliana40@gmail.com
7d45f2ad-96e5-460c-93c8-ccce242b66e0,Roberto,roberto44@yahoo.com
943504db-f749-4aec-860a-25a15b904dcc,Paula,paula86@gmail.com
05e0e0e4-033f-494e-a6ff-de8f94f7ad51,Lucas,lucas1@outlook.com
ff9654a5-5001-4a9e-bde0-0bc74e04d386,Ana,ana70@outlook.com
98cfedf7-b178-44ff-9c4d-edf2c98f1f2c,Carlos,carlos6@outlook.com
13c3716a-a52b-43cd-8fb0-5179c5797e5e,João,joão9@outlook.com
6561b3b9-cdb3-4e76-8083-839080709e46,Carlos,carlos73@outlook.com
c3cd21fe-2a10-4076-bc0f-f0924355a2c6,Roberto,roberto36@hotmail.com
94991c15-b014-430f-9185-bf39662ddcac,Juliana,juliana62@yahoo.com
2a599453-8ba1-4470-86dd-c7fd3b96588a,Gustavo,gustavo91@outlook.com
13316a93-c27c-4131-8595-105c914ab5e2,Gustavo,gustavo61@hotmail.com
24cda751-b579-416e-988d-5b03b92b9357,Carlos,carlos93@hotmail.com
eddc9ed5-fbfb-4094-80c1-4fe1a0005cd7,Paula,paula10@hotmail.com
cac6ce6b-dae7-47e0-87a7-a15639c118ba,Ana,ana19@gmail.com
e88ff7a6-0e93-4b48-8ab1-638ae6268d39,Ana,ana48@outlook.com
3ab24c20-4d1b-4d9d-b104-52a192fbf4e3,Gustavo,gustavo63@gmail.com
0f280122-3173-4056-81eb-574c3c60c18e,Lucas,lucas8@gmail.com
609c7a21-10bd-4513-ba4b-abdf039ff7ad,Ana,ana63@gmail.com
398451d9-c830-4af9-8093-43e94ceae080,Juliana,juliana78@hotmail.com
f0b06065-d050-4029-8cfc-338de2681ece,Juliana,juliana47@outlook.com
0fa1d79a-9209-47ac-a421-1f90f300fdec,Paula,paula7@outlook.com
13c4f192-9258-4e9f-a2ac-9cc5cffcb046,Roberto,roberto68@gmail.com
5b3f530f-043d-4f54-9a54-0f4def60bd40,Maria,maria86@hotmail.com
fd4e984d-28ab-41b0-b162-4aea765e8f85,Maria,maria34@gmail.com
b800cdcb-3196-4b4e-badf-75536274f5a4,Paula,paula47@yahoo.com
a701720e-b3bc-4a1d-90ff-e08f0b4a7c7c,Gustavo,gustavo25@hotmail.com
a9254f77-3582-4096-a545-7a79e6e6ac9f,Carlos,carlos26@hotmail.com
b3a95ae2-cefb-41ee-92b6-774cf9a26ff4,Fernanda,fernanda30@gmail.com
9cad0b16-d5f4-4c0d-8134-bf6b732dd781,Ana,ana15@outlook.com
43dbd8dd-109d-42da-9942-e382582eb410,Gustavo,gustavo60@yahoo.com
9a3cb9a7-49f2-4321-a082-60dcac4507aa,Paula,paula95@yahoo.com
cc41db1c-583e-419b-9e3a-93be79f7011d,Maria,maria44@yahoo.com
25db4742-cc52-480c-8ab6-a80bc3331564,João,joão60@yahoo.com
5b78fa77-7e42-4c22-989f-cb7d1ef51d44,Maria,maria14@yahoo.com
1cd30476-512b-4ea9-866a-fe39fdc3a007,Ana,ana46@gmail.com
b2b91123-6654-4970-8f79-71145d5b68fd,João,joão20@gmail.com
81d618e8-74ba-40e1-a4c8-046fd25a2250,João,joão27@yahoo.com
efef4922-f56f-49a5-a3e3-6b4e80820df8,Carlos,carlos42@gmail.com
15e874e4-ce0e-43c1-be28-9fcda5b5e759,Lucas,lucas89@hotmail.com
7958da85-5f3e-4a17-a3c0-28f55b81e3aa,Juliana,juliana77@outlook.com
9f293480-609b-4b43-91d8-cc5a903f4096,Roberto,roberto81@outlook.com
7774d590-b07f-4840-8978-01558a69e4ca,Juliana,juliana44@outlook.com
3906a1ab-53e8-4acb-89fc-271ed8b086b3,Ana,ana80@gmail.com
25f3c405-8fa2-49d7-8396-8846e8c7f1c9,Ana,ana10@yahoo.com
71644fb1-d981-477f-8660-54c0758135c8,Lucas,lucas52@yahoo.com
21b8eab6-361f-4a7d-88f0-56e2f1aa5eaf,Roberto,roberto44@yahoo.com
e34e14ef-b908-410e-86f9-23defb032b0c,Ana,ana26@gmail.com
042dabbe-bac6-43f2-8f79-eff5e0694ff6,Juliana,juliana97@outlook.com
4e229c23-f67a-4b9e-886f-a7b4249b3705,Carlos,carlos84@hotmail.com
43614487-26c1-4984-a0e7-980141f9097e,Roberto,roberto41@hotmail.com
65c99b70-44d9-444b-8123-b7f65db75be8,Gustavo,gustavo33@hotmail.com
2a8452a5-3f14-47bd-b9df-05166b74baf1,Carlos,carlos36@outlook.com
d626248d-16d7-4b72-ae1b-0027b718fba9,Lucas,lucas80@gmail.com
49a525f6-ba68-4722-8c51-7512f9a26f2b,Fernanda,fernanda87@gmail.com
6d992815-91d5-4234-9daa-a4a93afe522a,Carlos,carlos83@yahoo.com
d5cfe668-ade0-4358-95cc-6584d0900b49,Paula,paula42@hotmail.com
a1cba193-564d-4561-9eac-f8055a7a8ef0,Lucas,lucas7@hotmail.com
c82d8766-0e50-4e7a-8744-cb4eb9c8e220,Roberto,roberto47@outlook.com
602bac54-016e-4b18-9eb6-5ba815f93a2d,Paula,paula11@yahoo.com
589dcc5a-9819-4f4d-bc38-91ca881086d3,Lucas,lucas50@hotmail.com
e481a008-93dd-40bc-ad70-c9455f8a9b0f,João,joão99@hotmail.com
fa40183f-cc9d-4f4f-9bd6-7e36a4ae3fa2,Juliana,juliana100@outlook.com
9e80210e-1857-436c-b054-eaf9cf5927aa,Fernanda,fernanda39@gmail.com
26a2109f-2c8c-4054-bf2b-32007b3e2f38,Lucas,lucas41@yahoo.com
d305aeac-d4ed-49d0-83ad-5998731da46f,Fernanda,fernanda61@yahoo.com
990cbe47-183f-4436-90fa-843c86437634,Ana,ana62@gmail.com
2ff899cb-1769-463c-8ad7-59e4bbd7e4ba,Paula,paula96@yahoo.com
51c6390b-e220-4696-aa80-e4ce47269e22,Juliana,juliana29@hotmail.com
c9ffb1f0-3cb6-443f-9b52-87df11899be0,Ana,ana22@yahoo.com
cfee0fcd-0f27-474d-b752-5e8c2d98df92,Roberto,roberto49@gmail.com
f492b8e6-c78d-4232-837a-2e69a380d26e,Ana,ana23@outlook.com
b8f6dacb-9d75-4624-89a4-e3ce7993d4a8,Carlos,carlos82@outlook.com
c3a50581-0cf8-4e94-94b8-5cebe45da67b,Paula,paula49@outlook.com
6cc02fed-0698-4a2d-a046-f8e2b34a8228,Gustavo,gustavo2@outlook.com
22654b5b-69e3-4da5-9258-45061e9b7bf5,Gustavo,gustavo85@gmail.com
39562c05-de21-4570-aeb7-86f27467cbb6,Ana,ana3@outlook.com
8509d68d-a92f-497f-9a3e-a08cb8315104,Juliana,juliana42@outlook.com
5cd79fa3-af78-48f2-89bb-8e3bb6b286bd,Maria,maria76@gmail.com
d95ee3db-b92d-4bb7-8d74-f594634d54ab,Juliana,juliana90@hotmail.com
580a77c3-431d-4351-ba44-76bdaaf71464,Fernanda,fernanda40@gmail.com
48e8302f-e095-465f-bcb5-9a52a36ad5e9,Juliana,juliana90@yahoo.com
de8d2140-2391-4dae-8b52-970e3cd69dfc,Maria,maria39@gmail.com
490834be-dcae-4772-8dda-c4c8287ec0d2,João,joão15@yahoo.com
2e2a91a9-45bf-481c-98b7-64024534e494,João,joão85@gmail.com
1f8f541a-27c0-4a03-b3e4-383a763d223b,João,joão27@hotmail.com
2430817a-d62c-4f8c-af92-ba1f07d7fa47,Carlos,carlos45@gmail.com
77320d4d-bd27-4be9-a406-2914577fb31b,Paula,paula83@outlook.com
d7879cc5-0e05-40ce-8407-9e85f70fc450,Gustavo,gustavo81@yahoo.com
64d5ca8e-676f-40a2-a113-552ce059d76d,Ana,ana62@hotmail.com
3160e960-57b1-44be-b626-3eca56920927,João,joão44@hotmail.com
5c9da7a8-e997-439d-b250-781a1f699c33,Carlos,carlos87@yahoo.com
8a55e451-4e3e-45f2-8af4-a1756e395d70,Ana,ana100@outlook.com
cbcfc35b-0924-4905-822a-467956a210aa,Maria,maria84@hotmail.com
41beff2c-3043-4008-8d12-86508056b2c4,Roberto,roberto66@yahoo.com
6ac9b9ea-4896-4e33-9a19-13c3d9f71349,João,joão1@outlook.com
d5f8cb7a-9455-448b-aab6-60019abcc005,Paula,paula16@outlook.com
98b2e6ad-bce0-44e1-a287-46a083beadad,João,joão25@hotmail.com
c809248f-4def-405a-8a55-c09a177cd276,Lucas,lucas54@yahoo.com
f28c56e5-1204-4883-bdc7-a0de869fbe6d,Paula,paula42@gmail.com
19e0e5a6-787c-489b-89e1-d19e9bfbabf9,Juliana,juliana43@outlook.com
3e145561-1db4-41bf-b29b-4e43245cb57c,Maria,maria36@hotmail.com
10a6415c-09cd-4449-b2bc-ad0c816c71af,Juliana,juliana10@hotmail.com
c76790f6-895f-471a-8d45-c66f076659db,Juliana,juliana21@yahoo.com
aa065e2c-e4eb-4c10-961a-6a978cad41b1,Maria,maria52@yahoo.com
82f3f457-5e63-4e0e-9d4e-b7b9431ae235,Juliana,juliana36@gmail.com
5b9f1f64-57a1-497b-86f9-5f5f59aa2c4b,Lucas,lucas72@outlook.com
711e58c5-e5b0-4548-9e5c-ffd0681a5b80,Juliana,juliana83@outlook.com
d9e65049-579a-4b86-94cb-531c9476da76,Ana,ana6@hotmail.com
6f26efa8-d002-4574-ab25-6399a0fcf94e,Carlos,carlos11@yahoo.com
fb4182fd-e01b-4d89-a918-486d4ed8bc63,Lucas,lucas83@hotmail.com
a520d560-86fe-4943-8e40-4c50f7f054b0,Carlos,carlos62@gmail.com
bffaa8dc-5192-479f-a8cf-0bdb1263fd71,João,joão80@outlook.com
a0f41f0e-acc4-4c18-8db0-efda8358de9d,Roberto,roberto65@gmail.com
e68d30cb-4a9f-4a2e-bea8-181bdc1882f9,Carlos,carlos33@yahoo.com
8a98e152-8777-49ca-8973-acb9ae1e9cf1,Roberto,roberto47@hotmail.com
d539182b-848b-4fda-9c6d-3e2bfe096f51,Gustavo,gustavo43@gmail.com
5027f61f-b2ff-471a-9b5b-f4004e3cae46,Ana,ana78@hotmail.com
1c1eecf7-a15f-4984-9a89-fcb6c0b8fb2d,Paula,paula58@outlook.com
beccc236-df60-4bb6-b5f4-69d5193da6a4,Lucas,lucas41@gmail.com
f0e591a4-1c6d-40d6-a51c-f8810025059e,Carlos,carlos72@gmail.com
a6d7a470-e8d2-41f8-9ebd-2428b69cafd8,Paula,paula92@yahoo.com
5ddb9e6b-7f3a-4f7b-bc86-56842f472fe9,Carlos,carlos97@outlook.com
9ff41f84-8d35-41dc-a636-022751baa9c8,Roberto,roberto37@gmail.com
51ae7bc0-54b5-4ff6-bef2-dc0ab9a8f563,Carlos,carlos72@hotmail.com
36bbceb2-5134-47a9-8edb-39652b886c2e,Maria,maria59@yahoo.com
483eea1c-239d-4e79-afb7-6b54be69c49b,Roberto,roberto3@hotmail.com
92482bb5-3818-469b-ade6-7ba451365bb6,João,joão23@yahoo.com
9a10bd4d-f25c-4160-b5c3-2340b7bdf3bd,Lucas,lucas97@yahoo.com
68342085-47be-42db-8205-c62e6a640c5a,Juliana,juliana57@yahoo.com
b9202218-44c2-4fcb-a065-fb5e5bcdbefe,Lucas,lucas76@hotmail.com
7280298a-be2a-4c63-bd3b-dd3fb46926a9,Ana,ana3@hotmail.com
6cc4b1e7-ac4c-4cb9-9ee9-0ab484353cb1,Lucas,lucas78@outlook.com
bd75701a-4487-4e65-8a28-c6bbdd64da0e,Paula,paula66@gmail.com
67b8ecf7-a9c3-4e6a-9698-5e8ba1b1f7ee,Fernanda,fernanda15@hotmail.com
6d3d2cf9-5f4c-4e6f-8dcf-ed5ee636ed1c,Paula,paula59@outlook.com
26137a7a-e83d-4fd5-8f92-f312f43ac9b2,Fernanda,fernanda35@gmail.com
736fec80-840a-40a3-a932-67128f8d182e,Roberto,roberto1@hotmail.com
b14071ec-0ad4-4f9c-9020-dec257e7fad8,Gustavo,gustavo83@yahoo.com
0e38fe61-b10c-4be7-a7f8-4841485b8118,Lucas,lucas14@hotmail.com
a3195294-9942-4ec6-baad-8ad0a4d2459a,Lucas,lucas70@gmail.com
4419eb9e-da52-43ca-b94b-b48c1300821e,João,joão60@hotmail.com
bbab0327-1360-4aa9-9590-72edd3b183b3,João,joão46@hotmail.com
9a4c151e-0587-49f4-aa6e-e06c464f0fcb,Ana,ana33@outlook.com
0a8add21-0202-4038-8cc0-2f54aed6090c,Maria,maria71@gmail.com
d008dcfa-8d8b-4223-9613-dbc4ed6e916e,João,joão46@hotmail.com
272f2032-feb8-44c4-8bc9-0fd9ceca6a25,Paula,paula34@outlook.com
ea2cf568-65e8-4905-98a1-0b856740d75b,Gustavo,gustavo1@yahoo.com
112ea4e2-bc89-428c-82bb-1ccdb6830be9,Paula,paula36@hotmail.com
80400824-5da0-4e71-a2e5-d8de1a52aa23,Ana,ana6@outlook.com
dbd98075-a200-4f83-b7e4-db1d3ba681b8,Gustavo,gustavo3@yahoo.com
b17ff66e-a2ea-44e0-8ff5-0112886ef47a,Juliana,juliana100@hotmail.com
3d5021fa-ea03-4615-bf05-ae1dc987969b,Lucas,lucas67@yahoo.com
1d90345f-7123-4017-9432-d4ae4599e6cd,Carlos,carlos32@yahoo.com
5a901e91-992d-4dad-b2b8-1069173f6e8d,Juliana,juliana58@yahoo.com
2cc7de6e-5ca0-435e-9b22-03c0f538a968,Maria,maria26@hotmail.com
2bf1aad2-1767-451b-9c01-17e9c80a7505,João,joão99@hotmail.com
e82ce310-15e6-493e-a9a7-473121162736,Fernanda,fernanda49@outlook.com
9274d355-5e83-4759-8219-023212e20fcf,Roberto,roberto26@outlook.com
66b018d2-472c-44a2-b37c-602feddaa414,Fernanda,fernanda98@outlook.com
4cf06edb-56e4-4a5e-9e3d-fda4202ea9b6,Lucas,lucas8@gmail.com
bb3c8d7b-bff8-41cc-81e1-62b6eb56f3cc,Maria,maria76@gmail.com
27a991a7-e55d-457c-921e-c6597e9b1c3d,Roberto,roberto94@gmail.com
6cae8d35-9252-475d-b1ca-e9fd81adc839,Maria,maria15@outlook.com
478e7070-3cd3-4267-9a1b-037f13e6b6c0,Maria,maria57@gmail.com
c4aeec2a-5464-4c1a-a09a-db88ad375768,Roberto,roberto93@yahoo.com
b87b03f8-0053-4cfb-b21a-dd7b8fa2da69,João,joão91@gmail.com
6fef80ed-74d7-45fb-9f33-a9046fdfb27a,Lucas,lucas45@yahoo.com
fafe0c8a-f476-4fb0-8549-f84ebd5b0985,Paula,paula30@gmail.com
e7071f9e-dd6b-47e2-bcbf-825e50e43afe,Fernanda,fernanda19@outlook.com
91e14ed1-2104-480f-817d-cedb52163bff,João,joão77@hotmail.com
2fdea0f4-1c5d-40fa-b858-965c7fcccf48,Lucas,lucas70@outlook.com
79ad49d3-0e39-40fa-aba9-abb336bc404c,Carlos,carlos88@outlook.com
2f66af08-1194-4bcc-b756-26669b5d18eb,Ana,ana23@outlook.com
086afea9-37dc-4c00-8252-191e551e1ab4,Ana,ana16@outlook.com
ecac0d2d-d3e1-4211-b8e3-4e8a5b79df73,Paula,paula51@gmail.com
0262d43a-dc37-4926-b1a2-8414a173c3ed,Maria,maria80@gmail.com
bf600b97-2501-45f3-9d8a-e17f6a121e17,Juliana,juliana5@gmail.com
567bfae7-4f41-4b23-ac32-a5d6f5cb8788,Maria,maria72@yahoo.com
edd7d7c9-3044-42b2-b006-fc68b00219c6,Maria,maria29@gmail.com
73b62d1e-8fb3-44db-b7d3-958e5c27666f,Carlos,carlos7@gmail.com
2ee299d0-3000-4bda-9ca7-b463b5c41b77,Roberto,roberto99@hotmail.com
d5467e61-060a-48fd-8603-8df88f153ed9,João,joão46@outlook.com
945e267a-d621-4a3f-a69a-01dd964660d4,Roberto,roberto30@outlook.com
7e266202-0eb9-4d9b-a376-1c3602e4fcfd,Ana,ana52@outlook.com
5ccd0fbd-af4f-4d50-b69c-5dd044d19736,Fernanda,fernanda100@hotmail.com
be6a4b6c-da5a-43d6-a6e4-af9e908c6457,Gustavo,gustavo34@yahoo.com
9a58c529-f5d6-48b6-a0d4-d406a0d8c6c5,João,joão57@outlook.com
5fd2c50b-4bcf-4c08-8eb1-2f318fb712fd,Paula,paula59@outlook.com
2ff4da43-04bb-486e-816f-972e64724b00,João,joão22@yahoo.com
28c5ba8a-cbdf-4f1e-8232-89a855f4ba0a,Carlos,carlos12@outlook.com
8c9b32b1-e150-42c1-b67c-f5911689a885,Paula,paula7@gmail.com
6c36f470-bb5b-4cc9-8b0e-d64f1cacaf1c,Ana,ana17@gmail.com
00125c0f-b00e-4654-b916-0f6719803824,Carlos,carlos84@outlook.com
0a31954a-ab9e-4956-b873-17b501ce9eec,Ana,ana4@yahoo.com
195f2c4c-409f-424f-925f-93134722fddd,Gustavo,gustavo47@hotmail.com
ae8abecf-ff9d-4a45-82db-457a187ba311,Ana,ana38@gmail.com
8616ea98-b499-414a-ae1c-af5a819965e4,Lucas,lucas8@outlook.com
45c79390-bf08-4cfc-8e16-77758d1f3ec5,Lucas,lucas19@yahoo.com
e45b142f-a157-4751-9081-cea2a1be78fe,Maria,maria67@gmail.com
2709208b-1bb4-483a-adf3-dd3952e9c555,Fernanda,fernanda87@yahoo.com
fd979cfc-10ce-427c-99b0-7912c7c9d1b4,Fernanda,fernanda51@hotmail.com
8cc0b514-2622-45ba-a4e4-3480752474a6,Maria,maria48@gmail.com
28f19f4f-157a-4041-9959-bd48eecd6f68,Paula,paula76@gmail.com
c0698a3d-2a94-46f6-9f43-087b40f848c3,Juliana,juliana76@hotmail.com
78d556e1-5176-4276-adbb-90f510e28ba8,Juliana,juliana51@hotmail.com
04d5516f-e18a-49fb-86cc-936bcd158daf,Juliana,juliana32@outlook.com
67487b50-ede9-439d-8276-55627d40ce42,Fernanda,fernanda21@outlook.com
5a1a3011-dd84-47f3-8d4a-87ce09f2fca0,João,joão8@outlook.com
e843b1ae-ed70-47f1-9897-cbca6fae9ae8,Paula,paula34@hotmail.com
d4af25df-9203-4223-b897-733f17a232fb,Gustavo,gustavo39@hotmail.com
1183fc95-50e4-4716-9ac0-95353b23d69e,Juliana,juliana66@outlook.com
d5e59250-3bb1-4e18-9298-07b0a67d2971,Gustavo,gustavo66@outlook.com
dbda92e1-b812-44c6-80fd-9188b608cb06,Gustavo,gustavo4@outlook.com
d8f1def7-a200-4c60-9126-3e3171982acd,Roberto,roberto84@hotmail.com
51019740-ff5e-48c8-929a-e7efa5c8106f,Maria,maria75@hotmail.com
d4123d77-28d2-4ac7-a661-cf25827e1420,Gustavo,gustavo18@yahoo.com
692aa459-0c14-496b-bf60-9cf3c6718e03,João,joão56@outlook.com
b62d5458-42c7-40c8-bd15-24ab32138e82,Paula,paula60@yahoo.com
7a1311fd-575e-48de-b1b8-7bb080dd3b17,Paula,paula32@yahoo.com
745fc5cf-51d8-4543-8824-9bc696237c18,João,joão9@outlook.com
d781e7d6-6de3-4bda-9b1d-4e8b08c4847d,Maria,maria12@outlook.com
976bbfbd-05c8-453c-bd32-eb376080f884,Maria,maria15@gmail.com
233414e2-5a51-4f82-9e3e-95b175b71100,João,joão64@yahoo.com
1aa7e307-fdb5-4a8b-978e-9c8424cb3d6a,Ana,ana1@gmail.com
185df7f0-4af1-4c6d-8433-d17862c8ad90,Maria,maria16@outlook.com
cac0ec40-7cca-4364-8915-90dd5fcee679,Paula,paula4@hotmail.com
54d534d1-a1f4-4347-a134-616bac656eb4,Roberto,roberto63@yahoo.com
18b1fb98-0d08-443e-9104-5354ab436443,Lucas,lucas65@hotmail.com
612297c8-81aa-4cb5-acd1-594cf323d3a4,Maria,maria64@gmail.com
7361513f-d148-4d08-9f95-a4a8bf722995,Ana,ana31@hotmail.com
cba26db0-4585-4092-b838-0bc761031c67,João,joão95@yahoo.com
1ba0c20f-ca4e-469f-ad7d-1fd378d8bc77,Roberto,roberto64@hotmail.com
e9701dd3-a254-4fb5-8c6d-be6258b981b3,Maria,maria32@gmail.com
e26c27bd-46f5-4c97-beeb-f7e58102d341,João,joão65@outlook.com
2d2881db-9650-404a-9391-fd18dd813f32,Paula,paula34@hotmail.com
ecb9608d-248d-4e94-b786-8fa04408230b,Gustavo,gustavo74@hotmail.com
1c9f11a9-5665-47aa-8b52-cb0699cdab34,Maria,maria76@outlook.com
4b713007-c094-4f1c-8b03-76379964fb4a,Fernanda,fernanda100@outlook.com
38703a4c-9fec-4014-ab80-86a215c6d815,Fernanda,fernanda70@gmail.com
e0242282-e334-403d-aa70-aef86dc3e66b,Juliana,juliana66@outlook.com
da98a71e-91ef-4f95-99af-fcae390fdaf6,Maria,maria15@outlook.com
80e74cd8-64fd-49b6-856a-0efd481c4724,Juliana,juliana33@yahoo.com
9ba18562-8953-4c7b-a001-8dbeb5921673,Roberto,roberto23@outlook.com
9ba34775-4d9e-488a-bcf2-dce6c35ffceb,João,joão1@yahoo.com
f6975997-e5ad-4412-bd4f-4f8a61c73d23,Juliana,juliana52@outlook.com
71f1e7cd-65f8-4705-b3c0-b8b37bf093d9,João,joão61@yahoo.com
978f8e56-1eb7-47a6-aeae-ede942b67d0f,Paula,paula80@hotmail.com
8c76e524-468a-4899-b695-7266bb5399a2,Maria,maria66@yahoo.com
50c13a33-0770-417d-934e-b8800a2c12b1,Roberto,roberto55@yahoo.com
38fad2ca-c9b5-46f3-8693-db40dfc26850,Roberto,roberto36@hotmail.com
2cd3c249-8ecd-4a6f-a124-5bf5715e5c63,Gustavo,gustavo46@outlook.com
1f5f89ef-5c3e-415d-a600-68808af3c3fe,Roberto,roberto50@hotmail.com
e480eea7-5930-4c82-8752-b6843f31eaeb,Carlos,carlos99@gmail.com
fc4deb8c-c6e3-45b7-9518-bd71322431cd,Roberto,roberto48@gmail.com
bd5a8162-9549-4006-860a-c26828555d88,Carlos,carlos14@outlook.com
79469a76-68bd-4e51-a582-04d0fbf84471,Lucas,lucas45@outlook.com
0ef4459e-32d8-4e72-a180-2f0432b13d9f,João,joão7@hotmail.com
f8f5bc53-1cf7-42b4-b6c7-fb87567335ae,Juliana,juliana94@gmail.com
272cd796-baac-4ab0-b70c-9c5696ce6d2e,Paula,paula52@gmail.com
e357eae7-2a24-4849-8656-f4eb1c606a61,João,joão26@gmail.com
7a41f502-c3fe-4cd6-ab33-4c7b9ba2ab10,Juliana,juliana13@gmail.com
451f2cd7-1f09-4ccd-8ac3-c5468236ac6e,João,joão17@hotmail.com
72211045-84d3-4de4-a2da-64ebae549078,Roberto,roberto26@hotmail.com
628a041c-ebdb-468d-9227-ac7c9c1f1c6f,Lucas,lucas95@gmail.com
2bf015d3-9b55-465d-9c5e-8983b00e87a4,Roberto,roberto56@gmail.com
994395ab-0017-4e9f-b73e-156e22d29f51,Lucas,lucas39@gmail.com
88de9dab-44ec-42b4-8267-739d8d21f1d8,Ana,ana3@hotmail.com
eeab6ea8-2c6c-4ea1-957f-704e990686f5,Maria,maria15@yahoo.com
21185daf-4229-4be7-8c05-2ca5a0f82860,Fernanda,fernanda9@gmail.com
40be0098-2181-4708-97b6-dda210782b0e,João,joão22@hotmail.com
5036bcbd-e80e-4e6b-9115-21ed963a2a8a,Carlos,carlos96@hotmail.com
c4c6f538-1545-4a86-9bb5-1e764ea216a9,João,joão20@gmail.com
